========== New Cold Start Attempt (2026-09-18T05:14:27.0694156+00:00) ==========
2026-09-18T05:14:27.0694156+00:00 ContainerStatus: State: Starting, Action: EstablishingSiteNetworks, LastError: , LastErrorTimestamp: 01/01/0001 00:00:00, LastErrorDetails: , Details: , DetailsLevel: INFO
2026-09-18T05:14:30.7076689+00:00 ContainerStatus: State: Starting, Action: StartingSiteContainers, LastError: , LastErrorTimestamp: 01/01/0001 00:00:00, LastErrorDetails: , Details: , DetailsLevel: INFO
2026-09-18T05:14:30.7077643+00:00 ContainerStatus: Container start method called.
2026-09-18T05:14:30.7078511+00:00 ContainerStatus: State: Starting, Action: PullingImage, LastError: , LastErrorTimestamp: 01/01/0001 00:00:00, LastErrorDetails: , Details: Pulling image 10.1.0.5:13209/appsvc/python:3.12_20260910.3.tuxprod for api-r2b-moksh., DetailsLevel: INFO
2026-09-18T05:14:30.7079229+00:00 ContainerStatus: Establishing network.
2026-09-18T05:14:30.7166578+00:00 ContainerStatus: Pulling image: appsvc/python:3.12_20260910.3.tuxprod.
2026-09-18T05:14:31.2083323+00:00 ContainerStatus: Container is starting.
2026-09-18T05:14:31.2087310+00:00 ContainerStatus: State: Starting, Action: MountingVolumes, LastError: , LastErrorTimestamp: 01/01/0001 00:00:00, LastErrorDetails: , Details: Mounting volumes for api-r2b-moksh., DetailsLevel: INFO
2026-09-18T05:14:31.2090564+00:00 ContainerStatus: Establishing user namespace if not established already.
2026-09-18T05:14:31.2094095+00:00 ContainerStatus: Establishing network if not established already.
2026-09-18T05:14:31.2097349+00:00 ContainerStatus: Mounting volumes.
2026-09-18T05:14:31.2171895+00:00 ContainerStatus: Nested mountpoint 
2026-09-18T05:14:31.2474089+00:00 ContainerStatus: Nested mountpoint volatile/logs
2026-09-18T05:14:31.2778431+00:00 ContainerStatus: Nested mountpoint 
2026-09-18T05:14:31.3597419+00:00 ContainerStatus: Nested mountpoint 
2026-09-18T05:14:31.3902504+00:00 ContainerStatus: Nested mountpoint 
2026-09-18T05:14:31.4193111+00:00 ContainerStatus: Nested mountpoint 
2026-09-18T05:14:31.9172084+00:00 ContainerStatus: State: Starting, Action: CreatingContainer, LastError: , LastErrorTimestamp: 01/01/0001 00:00:00, LastErrorDetails: , Details: Finished pulling container image and mounting volumes for api-r2b-moksh. Allocatinng the rest of the container resources to finish container creation., DetailsLevel: INFO
2026-09-18T05:14:31.9176217+00:00 ContainerStatus: Creating container.
2026-09-18T05:14:31.9177223+00:00 ContainerStatus: Creating pipes for streaming container io.
2026-09-18T05:14:31.9177894+00:00 ContainerStatus: Creating stdout named pipe at /podr/container/pipe/c02fcb19bb46_api-r2b-moksh/stdout_094496950803468884eadef27cc376d1.
2026-09-18T05:14:31.9192645+00:00 ContainerStatus: Successfully created stdout named pipe at: /podr/container/pipe/c02fcb19bb46_api-r2b-moksh/stdout_094496950803468884eadef27cc376d1.
2026-09-18T05:14:31.9193518+00:00 ContainerStatus: Opening named pipe /podr/container/pipe/c02fcb19bb46_api-r2b-moksh/stdout_094496950803468884eadef27cc376d1 for reading in non-blocking mode.
2026-09-18T05:14:31.9486036+00:00 ContainerStatus: Successfully opened named pipe: /podr/container/pipe/c02fcb19bb46_api-r2b-moksh/stdout_094496950803468884eadef27cc376d1.
2026-09-18T05:14:31.9488289+00:00 ContainerStatus: Successfully removed non-blocking flag from /podr/container/pipe/c02fcb19bb46_api-r2b-moksh/stdout_094496950803468884eadef27cc376d1.
2026-09-18T05:14:31.9697049+00:00 ContainerStatus: Creating stderr named pipe at /podr/container/pipe/c02fcb19bb46_api-r2b-moksh/stderr_d835bab7c3e9412aaf8f55e27a8b2d47.
2026-09-18T05:14:31.9797806+00:00 ContainerStatus: Successfully created stderr named pipe at: /podr/container/pipe/c02fcb19bb46_api-r2b-moksh/stderr_d835bab7c3e9412aaf8f55e27a8b2d47.
2026-09-18T05:14:31.9871119+00:00 ContainerStatus: Opening named pipe /podr/container/pipe/c02fcb19bb46_api-r2b-moksh/stderr_d835bab7c3e9412aaf8f55e27a8b2d47 for reading in non-blocking mode.
2026-09-18T05:14:31.9876183+00:00 ContainerStatus: Successfully opened named pipe: /podr/container/pipe/c02fcb19bb46_api-r2b-moksh/stderr_d835bab7c3e9412aaf8f55e27a8b2d47.
2026-09-18T05:14:31.9877203+00:00 ContainerStatus: Successfully removed non-blocking flag from /podr/container/pipe/c02fcb19bb46_api-r2b-moksh/stderr_d835bab7c3e9412aaf8f55e27a8b2d47.
2026-09-18T05:14:31.9879613+00:00 ContainerStatus: Creating container with image: appsvc/python:3.12_20260910.3.tuxprod from registry: 10.1.0.5:13209 and fully qualified image name: 10.1.0.5:13209/appsvc/python:3.12_20260910.3.tuxprod
2026-09-18T05:14:32.9053437+00:00 ContainerStatus: Starting container: c02fcb19bb46_api-r2b-moksh.
2026-09-18T05:14:32.9976612+00:00 ContainerStatus: Starting watchers and probes.
2026-09-18T05:14:33.0048289+00:00 ContainerStatus: Starting metrics collection.
2026-09-18T05:14:33.0050210+00:00 ContainerStatus: Container is running.
2026-09-18T05:14:33.0051736+00:00 ContainerStatus: State: Starting, Action: CreatingContainer, LastError: , LastErrorTimestamp: 01/01/0001 00:00:00, LastErrorDetails: , Details: Container api-r2b-moksh successfully created and is running., DetailsLevel: INFO
2026-09-18T05:14:33.1275294+00:00 ContainerStatus: Container start method finished after 2418 ms.
2026-09-18T05:14:33.1278842+00:00 ContainerStatus: State: Starting, Action: InitiatingSiteWarmUpProbe, LastError: , LastErrorTimestamp: 01/01/0001 00:00:00, LastErrorDetails: , Details: Container api-r2b-moksh successfully created and is running., DetailsLevel: INFO
2026-09-18T05:14:33.1279342+00:00 ContainerStatus: State: Starting, Action: WaitingForSiteWarmUpProbeSuccess, LastError: , LastErrorTimestamp: 01/01/0001 00:00:00, LastErrorDetails: , Details: Pinging warmup path to ensure container is ready to receive requests., DetailsLevel: INFO
2026-09-18T05:14:33.8271403+00:00 ContainerStream:    _____                               
2026-09-18T05:14:33.8670123+00:00 ContainerStream:   /  _  \ __________ _________   ____  
2026-09-18T05:14:33.8670487+00:00 ContainerStream:  /  /_\  \\___   /  |  \_  __ \_/ __ \ 
2026-09-18T05:14:33.8670511+00:00 ContainerStream: /    |    \/    /|  |  /|  | \/\  ___/ 
2026-09-18T05:14:33.8670530+00:00 ContainerStream: \____|__  /_____ \____/ |__|    \___  >
2026-09-18T05:14:33.8670587+00:00 ContainerStream:         \/      \/                  \/ 
2026-09-18T05:14:33.8670659+00:00 ContainerStream: A P P   S E R V I C E   O N   L I N U X
2026-09-18T05:14:33.8670678+00:00 ContainerStream: 
2026-09-18T05:14:33.8670706+00:00 ContainerStream: Documentation     : https://aka.ms/webapp-linux
2026-09-18T05:14:33.8670761+00:00 ContainerStream: Python quickstart : https://aka.ms/python-qs
2026-09-18T05:14:33.8670785+00:00 ContainerStream: Python version    : 3.12.13
2026-09-18T05:14:33.8670805+00:00 ContainerStream: Instance name     : lw1sdlwk0000XH
2026-09-18T05:14:33.8670847+00:00 ContainerStream: Instance id       : 171ec3c9695c928239cd2a33aaa77a41cdd8d87f623b348303044a8f83dcf651
2026-09-18T05:14:33.8670865+00:00 ContainerStream: 
2026-09-18T05:14:33.8670883+00:00 ContainerStream: App port          : 8000
2026-09-18T05:14:33.8670903+00:00 ContainerStream: Port selected by  : Default for this image
2026-09-18T05:14:33.8670946+00:00 ContainerStream: (Learn more about the PORT appsetting https://aka.ms/webapp-python-settings)
2026-09-18T05:14:33.8670967+00:00 ContainerStream: 
2026-09-18T05:14:33.8671030+00:00 ContainerStream: Note: Any data outside '/home' is not persisted
2026-09-18T05:14:33.8671047+00:00 ContainerStream: 
2026-09-18T05:14:33.8671084+00:00 ContainerStream: ────────────────────────────────────────────────────────────────
2026-09-18T05:14:33.8671109+00:00 ContainerStream:  Run 'apphelp' for available commands and aliases.
2026-09-18T05:14:33.8671144+00:00 ContainerStream:  Run 'install-nettools' to install networking utilities.
2026-09-18T05:14:33.8671175+00:00 ContainerStream: ────────────────────────────────────────────────────────────────
2026-09-18T05:14:38.2809311+00:00 ContainerStream: Starting OpenBSD Secure Shell server: sshd.
2026-09-18T05:14:38.3108364+00:00 ContainerStream: WEBSITES_INCLUDE_CLOUD_CERTS is not set to true.
2026-09-18T05:14:38.4311858+00:00 ContainerStream: Updating certificates in /etc/ssl/certs...
2026-09-18T05:15:06.9971041+00:00 ContainerStream: rehash: warning: skipping duplicate certificate in azl_SSL.com_TLS_ECC_Root_CA_2022.pem
2026-09-18T05:15:07.0053169+00:00 ContainerStream: rehash: warning: skipping duplicate certificate in azl_SSL.com_TLS_RSA_Root_CA_2022.pem
2026-09-18T05:15:07.3972039+00:00 ContainerStream: rehash: warning: skipping ca-certificates.crt,it does not contain exactly one certificate or CRL
2026-09-18T05:15:07.4477379+00:00 ContainerStream: 4 added, 0 removed; done.
2026-09-18T05:15:07.4560391+00:00 ContainerStream: Running hooks in /etc/ca-certificates/update.d...
2026-09-18T05:15:07.4668122+00:00 ContainerStream: done.
2026-09-18T05:15:07.4979410+00:00 ContainerStream: CA certificates copied and updated successfully.
2026-09-18T05:15:07.6279925+00:00 ContainerStream: Site's appCommandLine: python -m uvicorn backend.app.main:app --host 0.0.0.0 --port 8000
2026-09-18T05:15:08.1288681+00:00 ContainerStream: Starting periodic command scheduler: cron.
2026-09-18T05:15:08.2049996+00:00 ContainerStream: Launching oryx with: create-script -appPath /home/site/wwwroot -output /opt/startup/startup.sh -virtualEnvName antenv -defaultApp /opt/defaultsite -userStartupCommand 'python -m uvicorn backend.app.main:app --host 0.0.0.0 --port 8000'
2026-09-18T05:15:08.4431060+00:00 ContainerStream: Found build manifest file at '/home/site/wwwroot/oryx-manifest.toml'. Deserializing it...
2026-09-18T05:15:08.4526833+00:00 ContainerStream: Build Operation ID: 6e59e9e7ba075ab8
2026-09-18T05:15:08.4617232+00:00 ContainerStream: Output is compressed. Extracting it...
2026-09-18T05:15:08.4706113+00:00 ContainerStream: Found zstd-compressed tarball.
2026-09-18T05:15:08.4706741+00:00 ContainerStream: Extracting '/home/site/wwwroot/output.tar.zst' to directory '/tmp/8df15436a2b7f43'...
2026-09-18T05:15:08.4706785+00:00 ContainerStream: Using zstd for decompression of file: /home/site/wwwroot/output.tar.zst
2026-09-18T05:15:08.4709457+00:00 ContainerStream: Oryx Version: 0.2.20260710.1, Commit: 079b5b6294eb97d462d8f96bfa3243e9b85251da, ReleaseTagName: 20260710.1
2026-09-18T05:15:15.5864658+00:00 ContainerStream: zstd tar Successfully extracted '/home/site/wwwroot/output.tar.zst' to '/tmp/8df15436a2b7f43'
2026-09-18T05:15:15.5873232+00:00 ContainerStream: App path is set to '/tmp/8df15436a2b7f43'
2026-09-18T05:15:16.5315882+00:00 ContainerStream: Writing output script to '/opt/startup/startup.sh'
2026-09-18T05:15:16.9133200+00:00 ContainerStream: Using packages from virtual environment antenv located at /tmp/8df15436a2b7f43/antenv.
2026-09-18T05:15:16.9142924+00:00 ContainerStream: Updated PYTHONPATH to '/home/site/wwwroot:/home/site/wwwroot/backend:/opt/startup/app_logs:/tmp/8df15436a2b7f43/antenv/lib/python3.12/site-packages'
2026-09-18T05:15:18.0064352+00:00 ContainerStream: Traceback (most recent call last):
2026-09-18T05:15:18.0069613+00:00 ContainerStream:   File "<frozen runpy>", line 198, in _run_module_as_main
2026-09-18T05:15:18.0070072+00:00 ContainerStream:   File "<frozen runpy>", line 88, in _run_code
2026-09-18T05:15:18.0070471+00:00 ContainerStream:   File "/tmp/8df15436a2b7f43/antenv/lib/python3.12/site-packages/uvicorn/__main__.py", line 4, in <module>
2026-09-18T05:15:18.0074007+00:00 ContainerStream:     uvicorn.main()
2026-09-18T05:15:18.0184008+00:00 ContainerStream:   File "/tmp/8df15436a2b7f43/antenv/lib/python3.12/site-packages/click/core.py", line 1631, in __call__
2026-09-18T05:15:18.0184459+00:00 ContainerStream:     return self.main(*args, **kwargs)
2026-09-18T05:15:18.0184488+00:00 ContainerStream:            ^^^^^^^^^^^^^^^^^^^^^^^^^^
2026-09-18T05:15:18.0184510+00:00 ContainerStream:   File "/tmp/8df15436a2b7f43/antenv/lib/python3.12/site-packages/click/core.py", line 1552, in main
2026-09-18T05:15:18.0184529+00:00 ContainerStream:     rv = self.invoke(ctx)
2026-09-18T05:15:18.0184551+00:00 ContainerStream:          ^^^^^^^^^^^^^^^^
2026-09-18T05:15:18.0184603+00:00 ContainerStream:   File "/tmp/8df15436a2b7f43/antenv/lib/python3.12/site-packages/click/core.py", line 1415, in invoke
2026-09-18T05:15:18.0184624+00:00 ContainerStream:     return ctx.invoke(self.callback, **ctx.params)
2026-09-18T05:15:18.0184668+00:00 ContainerStream:            ^^^^^^^^^^^^^^^^^^^^^^^^^^^^^^^^^^^^^^^
2026-09-18T05:15:18.0184692+00:00 ContainerStream:   File "/tmp/8df15436a2b7f43/antenv/lib/python3.12/site-packages/click/core.py", line 910, in invoke
2026-09-18T05:15:18.0184711+00:00 ContainerStream:     return callback(*args, **kwargs)
2026-09-18T05:15:18.0184728+00:00 ContainerStream:            ^^^^^^^^^^^^^^^^^^^^^^^^^
2026-09-18T05:15:18.0184749+00:00 ContainerStream:   File "/tmp/8df15436a2b7f43/antenv/lib/python3.12/site-packages/uvicorn/main.py", line 448, in main
2026-09-18T05:15:18.0184765+00:00 ContainerStream:     run(
2026-09-18T05:15:18.0184786+00:00 ContainerStream:   File "/tmp/8df15436a2b7f43/antenv/lib/python3.12/site-packages/uvicorn/main.py", line 620, in run
2026-09-18T05:15:18.0184828+00:00 ContainerStream:     config.load_app()
2026-09-18T05:15:18.0186463+00:00 ContainerStream:   File "/tmp/8df15436a2b7f43/antenv/lib/python3.12/site-packages/uvicorn/config.py", line 434, in load_app
2026-09-18T05:15:18.0186510+00:00 ContainerStream:     return import_from_string(self.app)
2026-09-18T05:15:18.0186658+00:00 ContainerStream:            ^^^^^^^^^^^^^^^^^^^^^^^^^^^^
2026-09-18T05:15:18.0186682+00:00 ContainerStream:   File "/tmp/8df15436a2b7f43/antenv/lib/python3.12/site-packages/uvicorn/importer.py", line 22, in import_from_string
2026-09-18T05:15:18.0186700+00:00 ContainerStream:     raise exc from None
2026-09-18T05:15:18.0186722+00:00 ContainerStream:   File "/tmp/8df15436a2b7f43/antenv/lib/python3.12/site-packages/uvicorn/importer.py", line 19, in import_from_string
2026-09-18T05:15:18.0186778+00:00 ContainerStream:     module = importlib.import_module(module_str)
2026-09-18T05:15:18.0186798+00:00 ContainerStream:              ^^^^^^^^^^^^^^^^^^^^^^^^^^^^^^^^^^^
2026-09-18T05:15:18.0186818+00:00 ContainerStream:   File "/opt/python/3.12.13/lib/python3.12/importlib/__init__.py", line 90, in import_module
2026-09-18T05:15:18.0186916+00:00 ContainerStream:     return _bootstrap._gcd_import(name[level:], package, level)
2026-09-18T05:15:18.0186938+00:00 ContainerStream:            ^^^^^^^^^^^^^^^^^^^^^^^^^^^^^^^^^^^^^^^^^^^^^^^^^^^^
2026-09-18T05:15:18.0192369+00:00 ContainerStream:   File "<frozen importlib._bootstrap>", line 1387, in _gcd_import
2026-09-18T05:15:18.0192515+00:00 ContainerStream:   File "<frozen importlib._bootstrap>", line 1360, in _find_and_load
2026-09-18T05:15:18.0192538+00:00 ContainerStream:   File "<frozen importlib._bootstrap>", line 1310, in _find_and_load_unlocked
2026-09-18T05:15:18.0192559+00:00 ContainerStream:   File "<frozen importlib._bootstrap>", line 488, in _call_with_frames_removed
2026-09-18T05:15:18.0192578+00:00 ContainerStream:   File "<frozen importlib._bootstrap>", line 1387, in _gcd_import
2026-09-18T05:15:18.0192598+00:00 ContainerStream:   File "<frozen importlib._bootstrap>", line 1360, in _find_and_load
2026-09-18T05:15:18.0192689+00:00 ContainerStream:   File "<frozen importlib._bootstrap>", line 1310, in _find_and_load_unlocked
2026-09-18T05:15:18.0192712+00:00 ContainerStream:   File "<frozen importlib._bootstrap>", line 488, in _call_with_frames_removed
2026-09-18T05:15:18.0192731+00:00 ContainerStream:   File "<frozen importlib._bootstrap>", line 1387, in _gcd_import
2026-09-18T05:15:18.0192749+00:00 ContainerStream:   File "<frozen importlib._bootstrap>", line 1360, in _find_and_load
2026-09-18T05:15:18.0192771+00:00 ContainerStream:   File "<frozen importlib._bootstrap>", line 1324, in _find_and_load_unlocked
2026-09-18T05:15:18.0192791+00:00 ContainerStream: ModuleNotFoundError: No module named 'backend'
2026-09-18T05:15:18.3999382+00:00 ContainerStatus: Container has finished running with exit code: 1.
2026-09-18T05:15:18.4516068+00:00 ContainerStatus: Container is terminating. Grace period: 5 seconds.
2026-09-18T05:15:18.5025497+00:00 ContainerStatus: Stop and delete container. Retry count = 0
2026-09-18T05:15:18.5128293+00:00 ContainerStatus: Stopping container: c02fcb19bb46_api-r2b-moksh.
2026-09-18T05:15:18.8902160+00:00 ContainerStatus: Deleting container: c02fcb19bb46_api-r2b-moksh. Retry count = 0
2026-09-18T05:15:20.7616302+00:00 ContainerStatus: Container spec TerminationMessagePolicy  path 
2026-09-18T05:15:20.8123666+00:00 ContainerStatus: Container is terminated. Total time elapsed: 2332 ms.
2026-09-18T05:15:20.8220986+00:00 ContainerStatus: Site container: api-r2b-moksh terminated during site startup.
2026-09-18T05:15:20.8611859+00:00 ContainerStatus: State: Stopping, Action: CancellingStartup, LastError: , LastErrorTimestamp: 01/01/0001 00:00:00, LastErrorDetails: , Details: Site container: api-r2b-moksh terminated during site startup. Cancelling site startup., DetailsLevel: ERR
2026-09-18T05:15:20.9549877+00:00 ContainerStatus: Site startup probe failed after 47.8060034 seconds.
2026-09-18T05:15:21.3447552+00:00 ContainerStatus: State: Stopping, Action: CancellingStartup, LastError: ContainerStartupFailure, LastErrorTimestamp: 09/18/2026 05:15:21, LastErrorDetails: Container exited with exit code 1 during startup after 47.8s. Please inspect your container logs for more details., Details: Site container: api-r2b-moksh terminated during site startup. Cancelling site startup., DetailsLevel: ERR
2026-09-18T05:15:21.3771837+00:00 ContainerStatus: Failed to start site. Revert by stopping site.
2026-09-18T05:15:21.3969943+00:00 ContainerStatus: State: Stopping, Action: StoppingSite, LastError: ContainerStartupFailure, LastErrorTimestamp: 09/18/2026 05:15:21, LastErrorDetails: Container exited with exit code 1 during startup after 47.8s. Please inspect your container logs for more details., Details: Site container: api-r2b-moksh terminated during site startup. Cancelling site startup., DetailsLevel: ERR
2026-09-18T05:15:21.4178006+00:00 ContainerStatus: State: Stopping, Action: StoppingSiteContainers, LastError: ContainerStartupFailure, LastErrorTimestamp: 09/18/2026 05:15:21, LastErrorDetails: Container exited with exit code 1 during startup after 47.8s. Please inspect your container logs for more details., Details: Site container: api-r2b-moksh terminated during site startup. Cancelling site startup., DetailsLevel: ERR
2026-09-18T05:15:21.4259530+00:00 ContainerStatus: Site: api-r2b-moksh stopped.
========== New Cold Start Attempt (2026-09-18T05:15:21.5078373+00:00) ==========
2026-09-18T05:15:21.5078373+00:00 ContainerStatus: State: Stopping, Action: UnmountingVolumes, LastError: ContainerStartupFailure, LastErrorTimestamp: 09/18/2026 05:15:21, LastErrorDetails: Container exited with exit code 1 during startup after 47.8s. Please inspect your container logs for more details., Details: Site container: api-r2b-moksh terminated during site startup. Cancelling site startup., DetailsLevel: ERR
2026-09-18T05:15:22.3939363+00:00 ContainerStatus: State: Stopping, Action: StoppingSiteNetworks, LastError: ContainerStartupFailure, LastErrorTimestamp: 09/18/2026 05:15:21, LastErrorDetails: Container exited with exit code 1 during startup after 47.8s. Please inspect your container logs for more details., Details: Site container: api-r2b-moksh terminated during site startup. Cancelling site startup., DetailsLevel: ERR
2026-09-18T05:15:22.9348155+00:00 ContainerStatus: State: Stopped, Action: None, LastError: ContainerStartupFailure, LastErrorTimestamp: 09/18/2026 05:15:21, LastErrorDetails: Container exited with exit code 1 during startup after 47.8s. Please inspect your container logs for more details., Details: Site stopped at 09/18/2026 05:15:22 (UTC), DetailsLevel: ERR
2026-09-18T05:15:23.9555914+00:00 ContainerStatus: State: Stopped, Action: None, LastError: ContainerStartupFailure, LastErrorTimestamp: 09/18/2026 05:15:21, LastErrorDetails: Container exited with exit code 1 during startup after 47.8s. Please inspect your container logs for more details., Details: Site stopped at 09/18/2026 05:15:22 (UTC), DetailsLevel: ERR
2026-09-18T05:15:29.3500030+00:00 ContainerStatus: State: Starting, Action: EstablishingSiteNetworks, LastError: ContainerStartupFailure, LastErrorTimestamp: 09/18/2026 05:15:21, LastErrorDetails: Container exited with exit code 1 during startup after 47.8s. Please inspect your container logs for more details., Details: Site stopped at 09/18/2026 05:15:22 (UTC), DetailsLevel: ERR
2026-09-18T05:15:31.0254763+00:00 ContainerStatus: State: Starting, Action: StartingSiteContainers, LastError: ContainerStartupFailure, LastErrorTimestamp: 09/18/2026 05:15:21, LastErrorDetails: Container exited with exit code 1 during startup after 47.8s. Please inspect your container logs for more details., Details: Site stopped at 09/18/2026 05:15:22 (UTC), DetailsLevel: ERR
2026-09-18T05:15:31.0255805+00:00 ContainerStatus: Container start method called.
2026-09-18T05:15:31.0256418+00:00 ContainerStatus: State: Starting, Action: PullingImage, LastError: ContainerStartupFailure, LastErrorTimestamp: 09/18/2026 05:15:21, LastErrorDetails: Container exited with exit code 1 during startup after 47.8s. Please inspect your container logs for more details., Details: Pulling image 10.1.0.5:13209/appsvc/python:3.12_20260910.3.tuxprod for api-r2b-moksh., DetailsLevel: INFO
2026-09-18T05:15:31.0256879+00:00 ContainerStatus: Establishing network.
2026-09-18T05:15:31.0257419+00:00 ContainerStatus: Pulling image: appsvc/python:3.12_20260910.3.tuxprod.
2026-09-18T05:15:32.0185758+00:00 ContainerStatus: Container is starting.
2026-09-18T05:15:32.0188854+00:00 ContainerStatus: State: Starting, Action: MountingVolumes, LastError: ContainerStartupFailure, LastErrorTimestamp: 09/18/2026 05:15:21, LastErrorDetails: Container exited with exit code 1 during startup after 47.8s. Please inspect your container logs for more details., Details: Mounting volumes for api-r2b-moksh., DetailsLevel: INFO
2026-09-18T05:15:32.0190236+00:00 ContainerStatus: Establishing user namespace if not established already.
2026-09-18T05:15:32.0190764+00:00 ContainerStatus: Establishing network if not established already.
2026-09-18T05:15:32.0197601+00:00 ContainerStatus: Mounting volumes.
2026-09-18T05:15:32.0199009+00:00 ContainerStatus: Nested mountpoint 
2026-09-18T05:15:32.0388021+00:00 ContainerStatus: Nested mountpoint volatile/logs
2026-09-18T05:15:32.1497264+00:00 ContainerStatus: Nested mountpoint 
2026-09-18T05:15:32.1502127+00:00 ContainerStatus: Nested mountpoint 
2026-09-18T05:15:32.1613040+00:00 ContainerStatus: Nested mountpoint 
2026-09-18T05:15:32.2316108+00:00 ContainerStatus: Nested mountpoint 
2026-09-18T05:15:33.0956699+00:00 ContainerStatus: State: Starting, Action: CreatingContainer, LastError: ContainerStartupFailure, LastErrorTimestamp: 09/18/2026 05:15:21, LastErrorDetails: Container exited with exit code 1 during startup after 47.8s. Please inspect your container logs for more details., Details: Finished pulling container image and mounting volumes for api-r2b-moksh. Allocatinng the rest of the container resources to finish container creation., DetailsLevel: INFO
2026-09-18T05:15:33.0957334+00:00 ContainerStatus: Creating container.
2026-09-18T05:15:33.0957776+00:00 ContainerStatus: Creating pipes for streaming container io.
2026-09-18T05:15:33.0958160+00:00 ContainerStatus: Creating stdout named pipe at /podr/container/pipe/b55d357cd0c1_api-r2b-moksh/stdout_83a30132975a4bbc9a30612893fa4f42.
2026-09-18T05:15:33.0959274+00:00 ContainerStatus: Successfully created stdout named pipe at: /podr/container/pipe/b55d357cd0c1_api-r2b-moksh/stdout_83a30132975a4bbc9a30612893fa4f42.
2026-09-18T05:15:33.0959663+00:00 ContainerStatus: Opening named pipe /podr/container/pipe/b55d357cd0c1_api-r2b-moksh/stdout_83a30132975a4bbc9a30612893fa4f42 for reading in non-blocking mode.
2026-09-18T05:15:33.0960103+00:00 ContainerStatus: Successfully opened named pipe: /podr/container/pipe/b55d357cd0c1_api-r2b-moksh/stdout_83a30132975a4bbc9a30612893fa4f42.
2026-09-18T05:15:33.0960435+00:00 ContainerStatus: Successfully removed non-blocking flag from /podr/container/pipe/b55d357cd0c1_api-r2b-moksh/stdout_83a30132975a4bbc9a30612893fa4f42.
2026-09-18T05:15:33.1248449+00:00 ContainerStatus: Creating stderr named pipe at /podr/container/pipe/b55d357cd0c1_api-r2b-moksh/stderr_10ea8fd071e642349cfc9fb4f5ff11d0.
2026-09-18T05:15:33.1249998+00:00 ContainerStatus: Successfully created stderr named pipe at: /podr/container/pipe/b55d357cd0c1_api-r2b-moksh/stderr_10ea8fd071e642349cfc9fb4f5ff11d0.
2026-09-18T05:15:33.1250462+00:00 ContainerStatus: Opening named pipe /podr/container/pipe/b55d357cd0c1_api-r2b-moksh/stderr_10ea8fd071e642349cfc9fb4f5ff11d0 for reading in non-blocking mode.
2026-09-18T05:15:33.1251067+00:00 ContainerStatus: Successfully opened named pipe: /podr/container/pipe/b55d357cd0c1_api-r2b-moksh/stderr_10ea8fd071e642349cfc9fb4f5ff11d0.
2026-09-18T05:15:33.1251427+00:00 ContainerStatus: Successfully removed non-blocking flag from /podr/container/pipe/b55d357cd0c1_api-r2b-moksh/stderr_10ea8fd071e642349cfc9fb4f5ff11d0.
2026-09-18T05:15:33.1252234+00:00 ContainerStatus: Creating container with image: appsvc/python:3.12_20260910.3.tuxprod from registry: 10.1.0.5:13209 and fully qualified image name: 10.1.0.5:13209/appsvc/python:3.12_20260910.3.tuxprod
2026-09-18T05:15:34.0089848+00:00 ContainerStatus: Starting container: b55d357cd0c1_api-r2b-moksh.
2026-09-18T05:15:34.1002487+00:00 ContainerStatus: Starting watchers and probes.
2026-09-18T05:15:34.1006156+00:00 ContainerStatus: Starting metrics collection.
2026-09-18T05:15:34.1007111+00:00 ContainerStatus: Container is running.
2026-09-18T05:15:34.1008445+00:00 ContainerStatus: State: Starting, Action: CreatingContainer, LastError: ContainerStartupFailure, LastErrorTimestamp: 09/18/2026 05:15:21, LastErrorDetails: Container exited with exit code 1 during startup after 47.8s. Please inspect your container logs for more details., Details: Container api-r2b-moksh successfully created and is running., DetailsLevel: INFO
2026-09-18T05:15:34.4033542+00:00 ContainerStatus: Container start method finished after 3377 ms.
2026-09-18T05:15:34.4038103+00:00 ContainerStatus: State: Starting, Action: InitiatingSiteWarmUpProbe, LastError: ContainerStartupFailure, LastErrorTimestamp: 09/18/2026 05:15:21, LastErrorDetails: Container exited with exit code 1 during startup after 47.8s. Please inspect your container logs for more details., Details: Container api-r2b-moksh successfully created and is running., DetailsLevel: INFO
2026-09-18T05:15:34.4237426+00:00 ContainerStatus: State: Starting, Action: WaitingForSiteWarmUpProbeSuccess, LastError: ContainerStartupFailure, LastErrorTimestamp: 09/18/2026 05:15:21, LastErrorDetails: Container exited with exit code 1 during startup after 47.8s. Please inspect your container logs for more details., Details: Pinging warmup path to ensure container is ready to receive requests., DetailsLevel: INFO
2026-09-18T05:15:34.6334261+00:00 ContainerStream:    _____                               
2026-09-18T05:15:34.6334642+00:00 ContainerStream:   /  _  \ __________ _________   ____  
2026-09-18T05:15:34.6334668+00:00 ContainerStream:  /  /_\  \\___   /  |  \_  __ \_/ __ \ 
2026-09-18T05:15:34.6334682+00:00 ContainerStream: /    |    \/    /|  |  /|  | \/\  ___/ 
2026-09-18T05:15:34.6334696+00:00 ContainerStream: \____|__  /_____ \____/ |__|    \___  >
2026-09-18T05:15:34.6334709+00:00 ContainerStream:         \/      \/                  \/ 
2026-09-18T05:15:34.6334723+00:00 ContainerStream: A P P   S E R V I C E   O N   L I N U X
2026-09-18T05:15:34.6334737+00:00 ContainerStream: 
2026-09-18T05:15:34.6334751+00:00 ContainerStream: Documentation     : https://aka.ms/webapp-linux
2026-09-18T05:15:34.6334766+00:00 ContainerStream: Python quickstart : https://aka.ms/python-qs
2026-09-18T05:15:34.6334780+00:00 ContainerStream: Python version    : 3.12.13
2026-09-18T05:15:34.6334794+00:00 ContainerStream: Instance name     : lw1sdlwk0000XH
2026-09-18T05:15:34.6334811+00:00 ContainerStream: Instance id       : 171ec3c9695c928239cd2a33aaa77a41cdd8d87f623b348303044a8f83dcf651
2026-09-18T05:15:34.6334822+00:00 ContainerStream: 
2026-09-18T05:15:34.6334854+00:00 ContainerStream: App port          : 8000
2026-09-18T05:15:34.6334870+00:00 ContainerStream: Port selected by  : Default for this image
2026-09-18T05:15:34.6334886+00:00 ContainerStream: (Learn more about the PORT appsetting https://aka.ms/webapp-python-settings)
2026-09-18T05:15:34.6334898+00:00 ContainerStream: 
2026-09-18T05:15:34.6334913+00:00 ContainerStream: Note: Any data outside '/home' is not persisted
2026-09-18T05:15:34.6334924+00:00 ContainerStream: 
2026-09-18T05:15:34.6334954+00:00 ContainerStream: ────────────────────────────────────────────────────────────────
2026-09-18T05:15:34.6334968+00:00 ContainerStream:  Run 'apphelp' for available commands and aliases.
2026-09-18T05:15:34.6334983+00:00 ContainerStream:  Run 'install-nettools' to install networking utilities.
2026-09-18T05:15:34.6335008+00:00 ContainerStream: ────────────────────────────────────────────────────────────────
2026-09-18T05:15:36.9321220+00:00 ContainerStream: Starting OpenBSD Secure Shell server: sshd.
2026-09-18T05:15:36.9534428+00:00 ContainerStream: WEBSITES_INCLUDE_CLOUD_CERTS is not set to true.
2026-09-18T05:15:37.0144187+00:00 ContainerStream: Updating certificates in /etc/ssl/certs...
2026-09-18T05:16:02.9536331+00:00 ContainerStream: rehash: warning: skipping duplicate certificate in azl_SSL.com_TLS_ECC_Root_CA_2022.pem
2026-09-18T05:16:02.9553950+00:00 ContainerStream: rehash: warning: skipping duplicate certificate in azl_SSL.com_TLS_RSA_Root_CA_2022.pem
2026-09-18T05:16:04.0224327+00:00 ContainerStream: rehash: warning: skipping ca-certificates.crt,it does not contain exactly one certificate or CRL
2026-09-18T05:16:04.1539177+00:00 ContainerStream: 4 added, 0 removed; done.
2026-09-18T05:16:04.1539692+00:00 ContainerStream: Running hooks in /etc/ca-certificates/update.d...
2026-09-18T05:16:04.1735080+00:00 ContainerStream: done.
2026-09-18T05:16:04.2418581+00:00 ContainerStream: CA certificates copied and updated successfully.
2026-09-18T05:16:04.6553464+00:00 ContainerStream: Site's appCommandLine: python -m uvicorn backend.app.main:app --host 0.0.0.0 --port 8000
2026-09-18T05:16:06.3903453+00:00 ContainerStream: Starting periodic command scheduler: cron.
2026-09-18T05:16:06.3903795+00:00 ContainerStream: Launching oryx with: create-script -appPath /home/site/wwwroot -output /opt/startup/startup.sh -virtualEnvName antenv -defaultApp /opt/defaultsite -userStartupCommand 'python -m uvicorn backend.app.main:app --host 0.0.0.0 --port 8000'
2026-09-18T05:16:06.6801880+00:00 ContainerStream: Found build manifest file at '/home/site/wwwroot/oryx-manifest.toml'. Deserializing it...
2026-09-18T05:16:06.7010442+00:00 ContainerStream: Build Operation ID: 6e59e9e7ba075ab8
2026-09-18T05:16:06.7033896+00:00 ContainerStream: Oryx Version: 0.2.20260710.1, Commit: 079b5b6294eb97d462d8f96bfa3243e9b85251da, ReleaseTagName: 20260710.1
2026-09-18T05:16:06.7121657+00:00 ContainerStream: Output is compressed. Extracting it...
2026-09-18T05:16:06.7130011+00:00 ContainerStream: Found zstd-compressed tarball.
2026-09-18T05:16:06.7303207+00:00 ContainerStream: Extracting '/home/site/wwwroot/output.tar.zst' to directory '/tmp/8df15436a2b7f43'...
2026-09-18T05:16:06.7303725+00:00 ContainerStream: Using zstd for decompression of file: /home/site/wwwroot/output.tar.zst
2026-09-18T05:16:13.8093728+00:00 ContainerStream: zstd tar Successfully extracted '/home/site/wwwroot/output.tar.zst' to '/tmp/8df15436a2b7f43'
2026-09-18T05:16:13.8102008+00:00 ContainerStream: App path is set to '/tmp/8df15436a2b7f43'
2026-09-18T05:16:14.6495348+00:00 ContainerStream: Writing output script to '/opt/startup/startup.sh'
2026-09-18T05:16:14.9148522+00:00 ContainerStream: Using packages from virtual environment antenv located at /tmp/8df15436a2b7f43/antenv.
2026-09-18T05:16:14.9148994+00:00 ContainerStream: Updated PYTHONPATH to '/home/site/wwwroot:/home/site/wwwroot/backend:/opt/startup/app_logs:/tmp/8df15436a2b7f43/antenv/lib/python3.12/site-packages'
2026-09-18T05:16:15.6376058+00:00 ContainerStream: Traceback (most recent call last):
2026-09-18T05:16:15.6465740+00:00 ContainerStream:   File "<frozen runpy>", line 198, in _run_module_as_main
2026-09-18T05:16:15.6466108+00:00 ContainerStream:   File "<frozen runpy>", line 88, in _run_code
2026-09-18T05:16:15.6466133+00:00 ContainerStream:   File "/tmp/8df15436a2b7f43/antenv/lib/python3.12/site-packages/uvicorn/__main__.py", line 4, in <module>
2026-09-18T05:16:15.6559053+00:00 ContainerStream:     uvicorn.main()
2026-09-18T05:16:15.6559598+00:00 ContainerStream:   File "/tmp/8df15436a2b7f43/antenv/lib/python3.12/site-packages/click/core.py", line 1631, in __call__
2026-09-18T05:16:15.6559625+00:00 ContainerStream:     return self.main(*args, **kwargs)
2026-09-18T05:16:15.6559638+00:00 ContainerStream:            ^^^^^^^^^^^^^^^^^^^^^^^^^^
2026-09-18T05:16:15.6559656+00:00 ContainerStream:   File "/tmp/8df15436a2b7f43/antenv/lib/python3.12/site-packages/click/core.py", line 1552, in main
2026-09-18T05:16:15.6559675+00:00 ContainerStream:     rv = self.invoke(ctx)
2026-09-18T05:16:15.6559686+00:00 ContainerStream:          ^^^^^^^^^^^^^^^^
2026-09-18T05:16:15.6559701+00:00 ContainerStream:   File "/tmp/8df15436a2b7f43/antenv/lib/python3.12/site-packages/click/core.py", line 1415, in invoke
2026-09-18T05:16:15.6559806+00:00 ContainerStream:     return ctx.invoke(self.callback, **ctx.params)
2026-09-18T05:16:15.6559821+00:00 ContainerStream:            ^^^^^^^^^^^^^^^^^^^^^^^^^^^^^^^^^^^^^^^
2026-09-18T05:16:15.6559836+00:00 ContainerStream:   File "/tmp/8df15436a2b7f43/antenv/lib/python3.12/site-packages/click/core.py", line 910, in invoke
2026-09-18T05:16:15.6559850+00:00 ContainerStream:     return callback(*args, **kwargs)
2026-09-18T05:16:15.6559861+00:00 ContainerStream:            ^^^^^^^^^^^^^^^^^^^^^^^^^
2026-09-18T05:16:15.6559876+00:00 ContainerStream:   File "/tmp/8df15436a2b7f43/antenv/lib/python3.12/site-packages/uvicorn/main.py", line 448, in main
2026-09-18T05:16:15.6559887+00:00 ContainerStream:     run(
2026-09-18T05:16:15.6559902+00:00 ContainerStream:   File "/tmp/8df15436a2b7f43/antenv/lib/python3.12/site-packages/uvicorn/main.py", line 620, in run
2026-09-18T05:16:15.6559914+00:00 ContainerStream:     config.load_app()
2026-09-18T05:16:15.6559936+00:00 ContainerStream:   File "/tmp/8df15436a2b7f43/antenv/lib/python3.12/site-packages/uvicorn/config.py", line 434, in load_app
2026-09-18T05:16:15.6590776+00:00 ContainerStream:     return import_from_string(self.app)
2026-09-18T05:16:15.6668711+00:00 ContainerStream:            ^^^^^^^^^^^^^^^^^^^^^^^^^^^^
2026-09-18T05:16:15.6678399+00:00 ContainerStream:   File "/tmp/8df15436a2b7f43/antenv/lib/python3.12/site-packages/uvicorn/importer.py", line 22, in import_from_string
2026-09-18T05:16:15.6687041+00:00 ContainerStream:     raise exc from None
2026-09-18T05:16:15.6763539+00:00 ContainerStream:   File "/tmp/8df15436a2b7f43/antenv/lib/python3.12/site-packages/uvicorn/importer.py", line 19, in import_from_string
2026-09-18T05:16:15.6774411+00:00 ContainerStream:     module = importlib.import_module(module_str)
2026-09-18T05:16:15.6781150+00:00 ContainerStream:              ^^^^^^^^^^^^^^^^^^^^^^^^^^^^^^^^^^^
2026-09-18T05:16:15.6788551+00:00 ContainerStream:   File "/opt/python/3.12.13/lib/python3.12/importlib/__init__.py", line 90, in import_module
2026-09-18T05:16:15.6876476+00:00 ContainerStream:     return _bootstrap._gcd_import(name[level:], package, level)
2026-09-18T05:16:15.6881271+00:00 ContainerStream:            ^^^^^^^^^^^^^^^^^^^^^^^^^^^^^^^^^^^^^^^^^^^^^^^^^^^^
2026-09-18T05:16:15.6883981+00:00 ContainerStream:   File "<frozen importlib._bootstrap>", line 1387, in _gcd_import
2026-09-18T05:16:15.6886180+00:00 ContainerStream:   File "<frozen importlib._bootstrap>", line 1360, in _find_and_load
2026-09-18T05:16:15.6888248+00:00 ContainerStream:   File "<frozen importlib._bootstrap>", line 1310, in _find_and_load_unlocked
2026-09-18T05:16:15.6890283+00:00 ContainerStream:   File "<frozen importlib._bootstrap>", line 488, in _call_with_frames_removed
2026-09-18T05:16:15.6892475+00:00 ContainerStream:   File "<frozen importlib._bootstrap>", line 1387, in _gcd_import
2026-09-18T05:16:15.6894572+00:00 ContainerStream:   File "<frozen importlib._bootstrap>", line 1360, in _find_and_load
2026-09-18T05:16:15.7064109+00:00 ContainerStream:   File "<frozen importlib._bootstrap>", line 1310, in _find_and_load_unlocked
2026-09-18T05:16:15.7064338+00:00 ContainerStream:   File "<frozen importlib._bootstrap>", line 488, in _call_with_frames_removed
2026-09-18T05:16:15.7064359+00:00 ContainerStream:   File "<frozen importlib._bootstrap>", line 1387, in _gcd_import
2026-09-18T05:16:15.7064450+00:00 ContainerStream:   File "<frozen importlib._bootstrap>", line 1360, in _find_and_load
2026-09-18T05:16:15.7064467+00:00 ContainerStream:   File "<frozen importlib._bootstrap>", line 1324, in _find_and_load_unlocked
2026-09-18T05:16:15.7064483+00:00 ContainerStream: ModuleNotFoundError: No module named 'backend'
2026-09-18T05:16:15.9504728+00:00 ContainerStatus: Container has finished running with exit code: 1.
2026-09-18T05:16:15.9505954+00:00 ContainerStatus: Container is terminating. Grace period: 5 seconds.
2026-09-18T05:16:15.9516929+00:00 ContainerStatus: Stop and delete container. Retry count = 0
2026-09-18T05:16:15.9517999+00:00 ContainerStatus: Stopping container: b55d357cd0c1_api-r2b-moksh.
2026-09-18T05:16:16.0415647+00:00 ContainerStatus: Deleting container: b55d357cd0c1_api-r2b-moksh. Retry count = 0
2026-09-18T05:16:16.9150795+00:00 ContainerStatus: Container spec TerminationMessagePolicy  path 
2026-09-18T05:16:16.9153306+00:00 ContainerStatus: Container is terminated. Total time elapsed: 964 ms.
2026-09-18T05:16:16.9154119+00:00 ContainerStatus: Site container: api-r2b-moksh terminated during site startup.
2026-09-18T05:16:16.9241365+00:00 ContainerStatus: State: Stopping, Action: CancellingStartup, LastError: ContainerStartupFailure, LastErrorTimestamp: 09/18/2026 05:15:21, LastErrorDetails: Container exited with exit code 1 during startup after 47.8s. Please inspect your container logs for more details., Details: Site container: api-r2b-moksh terminated during site startup. Cancelling site startup., DetailsLevel: ERR
2026-09-18T05:16:16.9654690+00:00 ContainerStatus: Site startup probe failed after 42.5324858 seconds.
2026-09-18T05:16:17.1179038+00:00 ContainerStatus: State: Stopping, Action: CancellingStartup, LastError: ContainerStartupFailure, LastErrorTimestamp: 09/18/2026 05:16:17, LastErrorDetails: Container exited with exit code 1 during startup after 42.8s. Please inspect your container logs for more details., Details: Site container: api-r2b-moksh terminated during site startup. Cancelling site startup., DetailsLevel: ERR
2026-09-18T05:16:17.1668941+00:00 ContainerStatus: Failed to start site. Revert by stopping site.
2026-09-18T05:16:17.1672641+00:00 ContainerStatus: State: Stopping, Action: StoppingSite, LastError: ContainerStartupFailure, LastErrorTimestamp: 09/18/2026 05:16:17, LastErrorDetails: Container exited with exit code 1 during startup after 42.8s. Please inspect your container logs for more details., Details: Site container: api-r2b-moksh terminated during site startup. Cancelling site startup., DetailsLevel: ERR
2026-09-18T05:16:17.1677112+00:00 ContainerStatus: State: Stopping, Action: StoppingSiteContainers, LastError: ContainerStartupFailure, LastErrorTimestamp: 09/18/2026 05:16:17, LastErrorDetails: Container exited with exit code 1 during startup after 42.8s. Please inspect your container logs for more details., Details: Site container: api-r2b-moksh terminated during site startup. Cancelling site startup., DetailsLevel: ERR
2026-09-18T05:16:17.1677362+00:00 ContainerStatus: Site: api-r2b-moksh stopped.
========== New Cold Start Attempt (2026-09-18T05:16:17.1967459+00:00) ==========
2026-09-18T05:16:17.1967459+00:00 ContainerStatus: State: Stopping, Action: UnmountingVolumes, LastError: ContainerStartupFailure, LastErrorTimestamp: 09/18/2026 05:16:17, LastErrorDetails: Container exited with exit code 1 during startup after 42.8s. Please inspect your container logs for more details., Details: Site container: api-r2b-moksh terminated during site startup. Cancelling site startup., DetailsLevel: ERR
2026-09-18T05:16:17.6887215+00:00 ContainerStatus: State: Stopping, Action: StoppingSiteNetworks, LastError: ContainerStartupFailure, LastErrorTimestamp: 09/18/2026 05:16:17, LastErrorDetails: Container exited with exit code 1 during startup after 42.8s. Please inspect your container logs for more details., Details: Site container: api-r2b-moksh terminated during site startup. Cancelling site startup., DetailsLevel: ERR
2026-09-18T05:16:17.9643980+00:00 ContainerStatus: Site: api-r2b-moksh will be blocked for 1 minutes till 09/18/2026 05:17:17
2026-09-18T05:16:17.9651138+00:00 ContainerStatus: State: Blocked, Action: StoppingSiteNetworks, LastError: ContainerStartupFailure, LastErrorTimestamp: 09/18/2026 05:16:17, LastErrorDetails: Container exited with exit code 1 during startup after 42.8s. Please inspect your container logs for more details., Details: Site: api-r2b-moksh will be blocked for 1 minutes till 09/18/2026 05:17:17, DetailsLevel: WARN
2026-09-18T05:16:18.1581256+00:00 ContainerStatus: State: Stopped, Action: None, LastError: ContainerStartupFailure, LastErrorTimestamp: 09/18/2026 05:16:17, LastErrorDetails: Container exited with exit code 1 during startup after 42.8s. Please inspect your container logs for more details., Details: Site stopped at 09/18/2026 05:16:18 (UTC), DetailsLevel: WARN
2026-09-18T05:16:19.4349615+00:00 ContainerStatus: State: Stopped, Action: None, LastError: ContainerStartupFailure, LastErrorTimestamp: 09/18/2026 05:16:17, LastErrorDetails: Container exited with exit code 1 during startup after 42.8s. Please inspect your container logs for more details., Details: Site stopped at 09/18/2026 05:16:18 (UTC), DetailsLevel: WARN
2026-09-18T05:16:24.3935435+00:00 ContainerStatus: State: Blocked, Action: None, LastError: ContainerStartupFailure, LastErrorTimestamp: 09/18/2026 05:16:17, LastErrorDetails: Container exited with exit code 1 during startup after 42.8s. Please inspect your container logs for more details., Details: Site is blocked due to multiple, consecutive cold start failures. Site scheduled to be unblocked at 09/18/2026 05:17:17, DetailsLevel: WARN
2026-09-18T05:16:24.3935822+00:00 ContainerStatus: Start site prohibitted because the site is being blocked.
2026-09-18T05:16:29.4882041+00:00 ContainerStatus: State: Blocked, Action: None, LastError: ContainerStartupFailure, LastErrorTimestamp: 09/18/2026 05:16:17, LastErrorDetails: Container exited with exit code 1 during startup after 42.8s. Please inspect your container logs for more details., Details: Site is blocked due to multiple, consecutive cold start failures. Site scheduled to be unblocked at 09/18/2026 05:17:17, DetailsLevel: WARN
2026-09-18T05:16:29.4882339+00:00 ContainerStatus: Start site prohibitted because the site is being blocked.
2026-09-18T05:16:34.5866579+00:00 ContainerStatus: State: Blocked, Action: None, LastError: ContainerStartupFailure, LastErrorTimestamp: 09/18/2026 05:16:17, LastErrorDetails: Container exited with exit code 1 during startup after 42.8s. Please inspect your container logs for more details., Details: Site is blocked due to multiple, consecutive cold start failures. Site scheduled to be unblocked at 09/18/2026 05:17:17, DetailsLevel: WARN
2026-09-18T05:16:34.5866865+00:00 ContainerStatus: Start site prohibitted because the site is being blocked.
2026-09-18T05:16:39.8136568+00:00 ContainerStatus: State: Blocked, Action: None, LastError: ContainerStartupFailure, LastErrorTimestamp: 09/18/2026 05:16:17, LastErrorDetails: Container exited with exit code 1 during startup after 42.8s. Please inspect your container logs for more details., Details: Site is blocked due to multiple, consecutive cold start failures. Site scheduled to be unblocked at 09/18/2026 05:17:17, DetailsLevel: WARN
2026-09-18T05:16:39.8136802+00:00 ContainerStatus: Start site prohibitted because the site is being blocked.
2026-09-18T05:16:44.8634146+00:00 ContainerStatus: State: Blocked, Action: None, LastError: ContainerStartupFailure, LastErrorTimestamp: 09/18/2026 05:16:17, LastErrorDetails: Container exited with exit code 1 during startup after 42.8s. Please inspect your container logs for more details., Details: Site is blocked due to multiple, consecutive cold start failures. Site scheduled to be unblocked at 09/18/2026 05:17:17, DetailsLevel: WARN
2026-09-18T05:16:44.8634386+00:00 ContainerStatus: Start site prohibitted because the site is being blocked.
2026-09-18T05:16:50.0216388+00:00 ContainerStatus: State: Blocked, Action: None, LastError: ContainerStartupFailure, LastErrorTimestamp: 09/18/2026 05:16:17, LastErrorDetails: Container exited with exit code 1 during startup after 42.8s. Please inspect your container logs for more details., Details: Site is blocked due to multiple, consecutive cold start failures. Site scheduled to be unblocked at 09/18/2026 05:17:17, DetailsLevel: WARN
2026-09-18T05:16:50.0216900+00:00 ContainerStatus: Start site prohibitted because the site is being blocked.
2026-09-18T05:16:55.1334255+00:00 ContainerStatus: State: Blocked, Action: None, LastError: ContainerStartupFailure, LastErrorTimestamp: 09/18/2026 05:16:17, LastErrorDetails: Container exited with exit code 1 during startup after 42.8s. Please inspect your container logs for more details., Details: Site is blocked due to multiple, consecutive cold start failures. Site scheduled to be unblocked at 09/18/2026 05:17:17, DetailsLevel: WARN
2026-09-18T05:16:55.1334515+00:00 ContainerStatus: Start site prohibitted because the site is being blocked.
2026-09-18T05:17:00.3122067+00:00 ContainerStatus: State: Blocked, Action: None, LastError: ContainerStartupFailure, LastErrorTimestamp: 09/18/2026 05:16:17, LastErrorDetails: Container exited with exit code 1 during startup after 42.8s. Please inspect your container logs for more details., Details: Site is blocked due to multiple, consecutive cold start failures. Site scheduled to be unblocked at 09/18/2026 05:17:17, DetailsLevel: WARN
2026-09-18T05:17:00.3123179+00:00 ContainerStatus: Start site prohibitted because the site is being blocked.
2026-09-18T05:17:05.4221785+00:00 ContainerStatus: State: Blocked, Action: None, LastError: ContainerStartupFailure, LastErrorTimestamp: 09/18/2026 05:16:17, LastErrorDetails: Container exited with exit code 1 during startup after 42.8s. Please inspect your container logs for more details., Details: Site is blocked due to multiple, consecutive cold start failures. Site scheduled to be unblocked at 09/18/2026 05:17:17, DetailsLevel: WARN
2026-09-18T05:17:05.4223621+00:00 ContainerStatus: Start site prohibitted because the site is being blocked.
2026-09-18T05:17:10.5851486+00:00 ContainerStatus: State: Blocked, Action: None, LastError: ContainerStartupFailure, LastErrorTimestamp: 09/18/2026 05:16:17, LastErrorDetails: Container exited with exit code 1 during startup after 42.8s. Please inspect your container logs for more details., Details: Site is blocked due to multiple, consecutive cold start failures. Site scheduled to be unblocked at 09/18/2026 05:17:17, DetailsLevel: WARN
2026-09-18T05:17:10.5942267+00:00 ContainerStatus: Start site prohibitted because the site is being blocked.
2026-09-18T05:17:15.9657053+00:00 ContainerStatus: State: Blocked, Action: None, LastError: ContainerStartupFailure, LastErrorTimestamp: 09/18/2026 05:16:17, LastErrorDetails: Container exited with exit code 1 during startup after 42.8s. Please inspect your container logs for more details., Details: Site is blocked due to multiple, consecutive cold start failures. Site scheduled to be unblocked at 09/18/2026 05:17:17, DetailsLevel: WARN
2026-09-18T05:17:15.9777829+00:00 ContainerStatus: Start site prohibitted because the site is being blocked.
2026-09-18T05:17:17.9858290+00:00 ContainerStatus: Site: api-r2b-moksh is unblocked.
2026-09-18T05:17:21.2508396+00:00 ContainerStatus: State: Starting, Action: EstablishingSiteNetworks, LastError: ContainerStartupFailure, LastErrorTimestamp: 09/18/2026 05:16:17, LastErrorDetails: Container exited with exit code 1 during startup after 42.8s. Please inspect your container logs for more details., Details: Site is blocked due to multiple, consecutive cold start failures. Site scheduled to be unblocked at 09/18/2026 05:17:17, DetailsLevel: WARN
2026-09-18T05:17:23.4002473+00:00 ContainerStatus: State: Starting, Action: StartingSiteContainers, LastError: ContainerStartupFailure, LastErrorTimestamp: 09/18/2026 05:16:17, LastErrorDetails: Container exited with exit code 1 during startup after 42.8s. Please inspect your container logs for more details., Details: Site is blocked due to multiple, consecutive cold start failures. Site scheduled to be unblocked at 09/18/2026 05:17:17, DetailsLevel: WARN
2026-09-18T05:17:23.4003464+00:00 ContainerStatus: Container start method called.
2026-09-18T05:17:23.4004131+00:00 ContainerStatus: State: Starting, Action: PullingImage, LastError: ContainerStartupFailure, LastErrorTimestamp: 09/18/2026 05:16:17, LastErrorDetails: Container exited with exit code 1 during startup after 42.8s. Please inspect your container logs for more details., Details: Pulling image 10.1.0.5:13209/appsvc/python:3.12_20260910.3.tuxprod for api-r2b-moksh., DetailsLevel: INFO
2026-09-18T05:17:23.4004765+00:00 ContainerStatus: Establishing network.
2026-09-18T05:17:23.4005608+00:00 ContainerStatus: Pulling image: appsvc/python:3.12_20260910.3.tuxprod.
2026-09-18T05:17:23.9435490+00:00 ContainerStatus: Container is starting.
2026-09-18T05:17:23.9436905+00:00 ContainerStatus: State: Starting, Action: MountingVolumes, LastError: ContainerStartupFailure, LastErrorTimestamp: 09/18/2026 05:16:17, LastErrorDetails: Container exited with exit code 1 during startup after 42.8s. Please inspect your container logs for more details., Details: Mounting volumes for api-r2b-moksh., DetailsLevel: INFO
2026-09-18T05:17:23.9437657+00:00 ContainerStatus: Establishing user namespace if not established already.
2026-09-18T05:17:23.9438400+00:00 ContainerStatus: Establishing network if not established already.
2026-09-18T05:17:23.9439268+00:00 ContainerStatus: Mounting volumes.
2026-09-18T05:17:23.9450687+00:00 ContainerStatus: Nested mountpoint 
2026-09-18T05:17:23.9954966+00:00 ContainerStatus: Nested mountpoint volatile/logs
2026-09-18T05:17:24.1637370+00:00 ContainerStatus: Nested mountpoint 
2026-09-18T05:17:24.1642523+00:00 ContainerStatus: Nested mountpoint 
2026-09-18T05:17:24.1843708+00:00 ContainerStatus: Nested mountpoint 
2026-09-18T05:17:24.2956885+00:00 ContainerStatus: Nested mountpoint 
2026-09-18T05:17:25.0088664+00:00 ContainerStatus: State: Starting, Action: CreatingContainer, LastError: ContainerStartupFailure, LastErrorTimestamp: 09/18/2026 05:16:17, LastErrorDetails: Container exited with exit code 1 during startup after 42.8s. Please inspect your container logs for more details., Details: Finished pulling container image and mounting volumes for api-r2b-moksh. Allocatinng the rest of the container resources to finish container creation., DetailsLevel: INFO
2026-09-18T05:17:25.0089481+00:00 ContainerStatus: Creating container.
2026-09-18T05:17:25.0089954+00:00 ContainerStatus: Creating pipes for streaming container io.
2026-09-18T05:17:25.0090383+00:00 ContainerStatus: Creating stdout named pipe at /podr/container/pipe/c3c0057ba82d_api-r2b-moksh/stdout_2aa01cb793a349b183294b23ae39a97b.
2026-09-18T05:17:25.0093819+00:00 ContainerStatus: Successfully created stdout named pipe at: /podr/container/pipe/c3c0057ba82d_api-r2b-moksh/stdout_2aa01cb793a349b183294b23ae39a97b.
2026-09-18T05:17:25.0094525+00:00 ContainerStatus: Opening named pipe /podr/container/pipe/c3c0057ba82d_api-r2b-moksh/stdout_2aa01cb793a349b183294b23ae39a97b for reading in non-blocking mode.
2026-09-18T05:17:25.0095356+00:00 ContainerStatus: Successfully opened named pipe: /podr/container/pipe/c3c0057ba82d_api-r2b-moksh/stdout_2aa01cb793a349b183294b23ae39a97b.
2026-09-18T05:17:25.0095972+00:00 ContainerStatus: Successfully removed non-blocking flag from /podr/container/pipe/c3c0057ba82d_api-r2b-moksh/stdout_2aa01cb793a349b183294b23ae39a97b.
2026-09-18T05:17:25.0201396+00:00 ContainerStatus: Creating stderr named pipe at /podr/container/pipe/c3c0057ba82d_api-r2b-moksh/stderr_ff87aaf98cd14b40baee7cf93a4832e7.
2026-09-18T05:17:25.0288924+00:00 ContainerStatus: Successfully created stderr named pipe at: /podr/container/pipe/c3c0057ba82d_api-r2b-moksh/stderr_ff87aaf98cd14b40baee7cf93a4832e7.
2026-09-18T05:17:25.0290148+00:00 ContainerStatus: Opening named pipe /podr/container/pipe/c3c0057ba82d_api-r2b-moksh/stderr_ff87aaf98cd14b40baee7cf93a4832e7 for reading in non-blocking mode.
2026-09-18T05:17:25.0291194+00:00 ContainerStatus: Successfully opened named pipe: /podr/container/pipe/c3c0057ba82d_api-r2b-moksh/stderr_ff87aaf98cd14b40baee7cf93a4832e7.
2026-09-18T05:17:25.0291837+00:00 ContainerStatus: Successfully removed non-blocking flag from /podr/container/pipe/c3c0057ba82d_api-r2b-moksh/stderr_ff87aaf98cd14b40baee7cf93a4832e7.
2026-09-18T05:17:25.0308930+00:00 ContainerStatus: Creating container with image: appsvc/python:3.12_20260910.3.tuxprod from registry: 10.1.0.5:13209 and fully qualified image name: 10.1.0.5:13209/appsvc/python:3.12_20260910.3.tuxprod
2026-09-18T05:17:26.2946046+00:00 ContainerStatus: Starting container: c3c0057ba82d_api-r2b-moksh.
2026-09-18T05:17:26.5069933+00:00 ContainerStatus: Starting watchers and probes.
2026-09-18T05:17:26.5641106+00:00 ContainerStatus: Starting metrics collection.
2026-09-18T05:17:26.5752382+00:00 ContainerStatus: Container is running.
2026-09-18T05:17:26.5758026+00:00 ContainerStatus: State: Starting, Action: CreatingContainer, LastError: ContainerStartupFailure, LastErrorTimestamp: 09/18/2026 05:16:17, LastErrorDetails: Container exited with exit code 1 during startup after 42.8s. Please inspect your container logs for more details., Details: Container api-r2b-moksh successfully created and is running., DetailsLevel: INFO
2026-09-18T05:17:26.7368184+00:00 ContainerStream:    _____                               
2026-09-18T05:17:26.7368468+00:00 ContainerStream:   /  _  \ __________ _________   ____  
2026-09-18T05:17:26.7368601+00:00 ContainerStream:  /  /_\  \\___   /  |  \_  __ \_/ __ \ 
2026-09-18T05:17:26.7368618+00:00 ContainerStream: /    |    \/    /|  |  /|  | \/\  ___/ 
2026-09-18T05:17:26.7368632+00:00 ContainerStream: \____|__  /_____ \____/ |__|    \___  >
2026-09-18T05:17:26.7368645+00:00 ContainerStream:         \/      \/                  \/ 
2026-09-18T05:17:26.7368659+00:00 ContainerStream: A P P   S E R V I C E   O N   L I N U X
2026-09-18T05:17:26.7368671+00:00 ContainerStream: 
2026-09-18T05:17:26.7368687+00:00 ContainerStream: Documentation     : https://aka.ms/webapp-linux
2026-09-18T05:17:26.7368702+00:00 ContainerStream: Python quickstart : https://aka.ms/python-qs
2026-09-18T05:17:26.7368717+00:00 ContainerStream: Python version    : 3.12.13
2026-09-18T05:17:26.7368732+00:00 ContainerStream: Instance name     : lw1sdlwk0000XH
2026-09-18T05:17:26.7368750+00:00 ContainerStream: Instance id       : 171ec3c9695c928239cd2a33aaa77a41cdd8d87f623b348303044a8f83dcf651
2026-09-18T05:17:26.7368762+00:00 ContainerStream: 
2026-09-18T05:17:26.7368776+00:00 ContainerStream: App port          : 8000
2026-09-18T05:17:26.7368824+00:00 ContainerStream: Port selected by  : Default for this image
2026-09-18T05:17:26.7368843+00:00 ContainerStream: (Learn more about the PORT appsetting https://aka.ms/webapp-python-settings)
2026-09-18T05:17:26.7368855+00:00 ContainerStream: 
2026-09-18T05:17:26.7368870+00:00 ContainerStream: Note: Any data outside '/home' is not persisted
2026-09-18T05:17:26.7368883+00:00 ContainerStream: 
2026-09-18T05:17:26.7368912+00:00 ContainerStream: ────────────────────────────────────────────────────────────────
2026-09-18T05:17:26.7368928+00:00 ContainerStream:  Run 'apphelp' for available commands and aliases.
2026-09-18T05:17:26.7368943+00:00 ContainerStream:  Run 'install-nettools' to install networking utilities.
2026-09-18T05:17:26.7368967+00:00 ContainerStream: ────────────────────────────────────────────────────────────────
2026-09-18T05:17:26.9897271+00:00 ContainerStatus: Container start method finished after 3589 ms.
2026-09-18T05:17:27.1097215+00:00 ContainerStatus: State: Starting, Action: InitiatingSiteWarmUpProbe, LastError: ContainerStartupFailure, LastErrorTimestamp: 09/18/2026 05:16:17, LastErrorDetails: Container exited with exit code 1 during startup after 42.8s. Please inspect your container logs for more details., Details: Container api-r2b-moksh successfully created and is running., DetailsLevel: INFO
2026-09-18T05:17:27.1099136+00:00 ContainerStatus: State: Starting, Action: WaitingForSiteWarmUpProbeSuccess, LastError: ContainerStartupFailure, LastErrorTimestamp: 09/18/2026 05:16:17, LastErrorDetails: Container exited with exit code 1 during startup after 42.8s. Please inspect your container logs for more details., Details: Pinging warmup path to ensure container is ready to receive requests., DetailsLevel: INFO
2026-09-18T05:17:30.8353032+00:00 ContainerStream: Starting OpenBSD Secure Shell server: sshd.
2026-09-18T05:17:30.8546513+00:00 ContainerStream: WEBSITES_INCLUDE_CLOUD_CERTS is not set to true.
2026-09-18T05:17:30.9064559+00:00 ContainerStream: Updating certificates in /etc/ssl/certs...
2026-09-18T05:17:56.4756677+00:00 ContainerStream: rehash: warning: skipping duplicate certificate in azl_SSL.com_TLS_ECC_Root_CA_2022.pem
2026-09-18T05:17:56.4771115+00:00 ContainerStream: rehash: warning: skipping duplicate certificate in azl_SSL.com_TLS_RSA_Root_CA_2022.pem
2026-09-18T05:17:56.8288925+00:00 ContainerStream: rehash: warning: skipping ca-certificates.crt,it does not contain exactly one certificate or CRL
2026-09-18T05:17:56.8701993+00:00 ContainerStream: 4 added, 0 removed; done.
2026-09-18T05:17:56.8782916+00:00 ContainerStream: Running hooks in /etc/ca-certificates/update.d...
2026-09-18T05:17:56.8895081+00:00 ContainerStream: done.
2026-09-18T05:17:56.9190242+00:00 ContainerStream: CA certificates copied and updated successfully.
2026-09-18T05:17:57.0193486+00:00 ContainerStream: Site's appCommandLine: python -m uvicorn backend.app.main:app --host 0.0.0.0 --port 8000
2026-09-18T05:17:57.4513124+00:00 ContainerStream: Starting periodic command scheduler: cron.
2026-09-18T05:17:57.4530881+00:00 ContainerStream: Launching oryx with: create-script -appPath /home/site/wwwroot -output /opt/startup/startup.sh -virtualEnvName antenv -defaultApp /opt/defaultsite -userStartupCommand 'python -m uvicorn backend.app.main:app --host 0.0.0.0 --port 8000'
2026-09-18T05:17:57.6444739+00:00 ContainerStream: Found build manifest file at '/home/site/wwwroot/oryx-manifest.toml'. Deserializing it...
2026-09-18T05:17:57.6925639+00:00 ContainerStream: Build Operation ID: 6e59e9e7ba075ab8
2026-09-18T05:17:57.6938111+00:00 ContainerStream: Oryx Version: 0.2.20260710.1, Commit: 079b5b6294eb97d462d8f96bfa3243e9b85251da, ReleaseTagName: 20260710.1
2026-09-18T05:17:57.6938863+00:00 ContainerStream: Output is compressed. Extracting it...
2026-09-18T05:17:57.6951081+00:00 ContainerStream: Found zstd-compressed tarball.
2026-09-18T05:17:57.7142750+00:00 ContainerStream: Extracting '/home/site/wwwroot/output.tar.zst' to directory '/tmp/8df15436a2b7f43'...
2026-09-18T05:17:57.7143110+00:00 ContainerStream: Using zstd for decompression of file: /home/site/wwwroot/output.tar.zst
2026-09-18T05:18:07.5426566+00:00 ContainerStream: zstd tar Successfully extracted '/home/site/wwwroot/output.tar.zst' to '/tmp/8df15436a2b7f43'
2026-09-18T05:18:07.5520378+00:00 ContainerStream: App path is set to '/tmp/8df15436a2b7f43'
2026-09-18T05:18:08.5383857+00:00 ContainerStream: Writing output script to '/opt/startup/startup.sh'
2026-09-18T05:18:08.7891695+00:00 ContainerStream: Using packages from virtual environment antenv located at /tmp/8df15436a2b7f43/antenv.
2026-09-18T05:18:08.7892167+00:00 ContainerStream: Updated PYTHONPATH to '/home/site/wwwroot:/home/site/wwwroot/backend:/opt/startup/app_logs:/tmp/8df15436a2b7f43/antenv/lib/python3.12/site-packages'
2026-09-18T05:18:09.5850702+00:00 ContainerStream: Traceback (most recent call last):
2026-09-18T05:18:09.5927707+00:00 ContainerStream:   File "<frozen runpy>", line 198, in _run_module_as_main
2026-09-18T05:18:09.5935182+00:00 ContainerStream:   File "<frozen runpy>", line 88, in _run_code
2026-09-18T05:18:09.5939252+00:00 ContainerStream:   File "/tmp/8df15436a2b7f43/antenv/lib/python3.12/site-packages/uvicorn/__main__.py", line 4, in <module>
2026-09-18T05:18:09.5949127+00:00 ContainerStream:     uvicorn.main()
2026-09-18T05:18:09.5955357+00:00 ContainerStream:   File "/tmp/8df15436a2b7f43/antenv/lib/python3.12/site-packages/click/core.py", line 1631, in __call__
2026-09-18T05:18:09.6051732+00:00 ContainerStream:     return self.main(*args, **kwargs)
2026-09-18T05:18:09.6052055+00:00 ContainerStream:            ^^^^^^^^^^^^^^^^^^^^^^^^^^
2026-09-18T05:18:09.6052171+00:00 ContainerStream:   File "/tmp/8df15436a2b7f43/antenv/lib/python3.12/site-packages/click/core.py", line 1552, in main
2026-09-18T05:18:09.6052190+00:00 ContainerStream:     rv = self.invoke(ctx)
2026-09-18T05:18:09.6052203+00:00 ContainerStream:          ^^^^^^^^^^^^^^^^
2026-09-18T05:18:09.6052220+00:00 ContainerStream:   File "/tmp/8df15436a2b7f43/antenv/lib/python3.12/site-packages/click/core.py", line 1415, in invoke
2026-09-18T05:18:09.6052235+00:00 ContainerStream:     return ctx.invoke(self.callback, **ctx.params)
2026-09-18T05:18:09.6052249+00:00 ContainerStream:            ^^^^^^^^^^^^^^^^^^^^^^^^^^^^^^^^^^^^^^^
2026-09-18T05:18:09.6052267+00:00 ContainerStream:   File "/tmp/8df15436a2b7f43/antenv/lib/python3.12/site-packages/click/core.py", line 910, in invoke
2026-09-18T05:18:09.6052282+00:00 ContainerStream:     return callback(*args, **kwargs)
2026-09-18T05:18:09.6052296+00:00 ContainerStream:            ^^^^^^^^^^^^^^^^^^^^^^^^^
2026-09-18T05:18:09.6052313+00:00 ContainerStream:   File "/tmp/8df15436a2b7f43/antenv/lib/python3.12/site-packages/uvicorn/main.py", line 448, in main
2026-09-18T05:18:09.6052326+00:00 ContainerStream:     run(
2026-09-18T05:18:09.6052343+00:00 ContainerStream:   File "/tmp/8df15436a2b7f43/antenv/lib/python3.12/site-packages/uvicorn/main.py", line 620, in run
2026-09-18T05:18:09.6052357+00:00 ContainerStream:     config.load_app()
2026-09-18T05:18:09.6053207+00:00 ContainerStream:   File "/tmp/8df15436a2b7f43/antenv/lib/python3.12/site-packages/uvicorn/config.py", line 434, in load_app
2026-09-18T05:18:09.6150600+00:00 ContainerStream:     return import_from_string(self.app)
2026-09-18T05:18:09.6224408+00:00 ContainerStream:            ^^^^^^^^^^^^^^^^^^^^^^^^^^^^
2026-09-18T05:18:09.6236715+00:00 ContainerStream:   File "/tmp/8df15436a2b7f43/antenv/lib/python3.12/site-packages/uvicorn/importer.py", line 22, in import_from_string
2026-09-18T05:18:09.6237090+00:00 ContainerStream:     raise exc from None
2026-09-18T05:18:09.6237122+00:00 ContainerStream:   File "/tmp/8df15436a2b7f43/antenv/lib/python3.12/site-packages/uvicorn/importer.py", line 19, in import_from_string
2026-09-18T05:18:09.6237139+00:00 ContainerStream:     module = importlib.import_module(module_str)
2026-09-18T05:18:09.6237152+00:00 ContainerStream:              ^^^^^^^^^^^^^^^^^^^^^^^^^^^^^^^^^^^
2026-09-18T05:18:09.6237170+00:00 ContainerStream:   File "/opt/python/3.12.13/lib/python3.12/importlib/__init__.py", line 90, in import_module
2026-09-18T05:18:09.6349048+00:00 ContainerStream:     return _bootstrap._gcd_import(name[level:], package, level)
2026-09-18T05:18:09.6349623+00:00 ContainerStream:            ^^^^^^^^^^^^^^^^^^^^^^^^^^^^^^^^^^^^^^^^^^^^^^^^^^^^
2026-09-18T05:18:09.6349645+00:00 ContainerStream:   File "<frozen importlib._bootstrap>", line 1387, in _gcd_import
2026-09-18T05:18:09.6349661+00:00 ContainerStream:   File "<frozen importlib._bootstrap>", line 1360, in _find_and_load
2026-09-18T05:18:09.6349678+00:00 ContainerStream:   File "<frozen importlib._bootstrap>", line 1310, in _find_and_load_unlocked
2026-09-18T05:18:09.6349694+00:00 ContainerStream:   File "<frozen importlib._bootstrap>", line 488, in _call_with_frames_removed
2026-09-18T05:18:09.6349709+00:00 ContainerStream:   File "<frozen importlib._bootstrap>", line 1387, in _gcd_import
2026-09-18T05:18:09.6349725+00:00 ContainerStream:   File "<frozen importlib._bootstrap>", line 1360, in _find_and_load
2026-09-18T05:18:09.6349741+00:00 ContainerStream:   File "<frozen importlib._bootstrap>", line 1310, in _find_and_load_unlocked
2026-09-18T05:18:09.6349757+00:00 ContainerStream:   File "<frozen importlib._bootstrap>", line 488, in _call_with_frames_removed
2026-09-18T05:18:09.6349772+00:00 ContainerStream:   File "<frozen importlib._bootstrap>", line 1387, in _gcd_import
2026-09-18T05:18:09.6349788+00:00 ContainerStream:   File "<frozen importlib._bootstrap>", line 1360, in _find_and_load
2026-09-18T05:18:09.6349804+00:00 ContainerStream:   File "<frozen importlib._bootstrap>", line 1324, in _find_and_load_unlocked
2026-09-18T05:18:09.6349835+00:00 ContainerStream: ModuleNotFoundError: No module named 'backend'
2026-09-18T05:18:09.8344547+00:00 ContainerStatus: Container has finished running with exit code: 1.
2026-09-18T05:18:09.8352062+00:00 ContainerStatus: Container is terminating. Grace period: 5 seconds.
2026-09-18T05:18:09.8439002+00:00 ContainerStatus: Stop and delete container. Retry count = 0
2026-09-18T05:18:09.8440872+00:00 ContainerStatus: Stopping container: c3c0057ba82d_api-r2b-moksh.
2026-09-18T05:18:09.9357002+00:00 ContainerStatus: Deleting container: c3c0057ba82d_api-r2b-moksh. Retry count = 0
2026-09-18T05:18:10.7148039+00:00 ContainerStatus: Container spec TerminationMessagePolicy  path 
2026-09-18T05:18:10.7151946+00:00 ContainerStatus: Container is terminated. Total time elapsed: 879 ms.
2026-09-18T05:18:10.7153204+00:00 ContainerStatus: Site container: api-r2b-moksh terminated during site startup.
2026-09-18T05:18:10.7470180+00:00 ContainerStatus: State: Stopping, Action: CancellingStartup, LastError: ContainerStartupFailure, LastErrorTimestamp: 09/18/2026 05:16:17, LastErrorDetails: Container exited with exit code 1 during startup after 42.8s. Please inspect your container logs for more details., Details: Site container: api-r2b-moksh terminated during site startup. Cancelling site startup., DetailsLevel: ERR
2026-09-18T05:18:10.7974525+00:00 ContainerStatus: Site startup probe failed after 43.6684806 seconds.
2026-09-18T05:18:11.2880481+00:00 ContainerStatus: State: Stopping, Action: CancellingStartup, LastError: ContainerStartupFailure, LastErrorTimestamp: 09/18/2026 05:18:11, LastErrorDetails: Container exited with exit code 1 during startup after 44.2s. Please inspect your container logs for more details., Details: Site container: api-r2b-moksh terminated during site startup. Cancelling site startup., DetailsLevel: ERR
2026-09-18T05:18:11.3469168+00:00 ContainerStatus: Failed to start site. Revert by stopping site.
2026-09-18T05:18:11.3484280+00:00 ContainerStatus: State: Stopping, Action: StoppingSite, LastError: ContainerStartupFailure, LastErrorTimestamp: 09/18/2026 05:18:11, LastErrorDetails: Container exited with exit code 1 during startup after 44.2s. Please inspect your container logs for more details., Details: Site container: api-r2b-moksh terminated during site startup. Cancelling site startup., DetailsLevel: ERR
2026-09-18T05:18:11.3575139+00:00 ContainerStatus: State: Stopping, Action: StoppingSiteContainers, LastError: ContainerStartupFailure, LastErrorTimestamp: 09/18/2026 05:18:11, LastErrorDetails: Container exited with exit code 1 during startup after 44.2s. Please inspect your container logs for more details., Details: Site container: api-r2b-moksh terminated during site startup. Cancelling site startup., DetailsLevel: ERR
2026-09-18T05:18:11.3575651+00:00 ContainerStatus: Site: api-r2b-moksh stopped.
========== New Cold Start Attempt (2026-09-18T05:18:11.4974537+00:00) ==========
2026-09-18T05:18:11.4974537+00:00 ContainerStatus: State: Stopping, Action: UnmountingVolumes, LastError: ContainerStartupFailure, LastErrorTimestamp: 09/18/2026 05:18:11, LastErrorDetails: Container exited with exit code 1 during startup after 44.2s. Please inspect your container logs for more details., Details: Site container: api-r2b-moksh terminated during site startup. Cancelling site startup., DetailsLevel: ERR
2026-09-18T05:18:12.2636384+00:00 ContainerStatus: State: Stopping, Action: StoppingSiteNetworks, LastError: ContainerStartupFailure, LastErrorTimestamp: 09/18/2026 05:18:11, LastErrorDetails: Container exited with exit code 1 during startup after 44.2s. Please inspect your container logs for more details., Details: Site container: api-r2b-moksh terminated during site startup. Cancelling site startup., DetailsLevel: ERR
2026-09-18T05:18:12.5434211+00:00 ContainerStatus: Site: api-r2b-moksh will be blocked for 1 minutes till 09/18/2026 05:19:12
2026-09-18T05:18:12.5436089+00:00 ContainerStatus: State: Blocked, Action: StoppingSiteNetworks, LastError: ContainerStartupFailure, LastErrorTimestamp: 09/18/2026 05:18:11, LastErrorDetails: Container exited with exit code 1 during startup after 44.2s. Please inspect your container logs for more details., Details: Site: api-r2b-moksh will be blocked for 1 minutes till 09/18/2026 05:19:12, DetailsLevel: WARN
2026-09-18T05:18:12.5443350+00:00 ContainerStatus: State: Stopped, Action: None, LastError: ContainerStartupFailure, LastErrorTimestamp: 09/18/2026 05:18:11, LastErrorDetails: Container exited with exit code 1 during startup after 44.2s. Please inspect your container logs for more details., Details: Site stopped at 09/18/2026 05:18:12 (UTC), DetailsLevel: WARN
2026-09-18T05:18:13.7431049+00:00 ContainerStatus: State: Stopped, Action: None, LastError: ContainerStartupFailure, LastErrorTimestamp: 09/18/2026 05:18:11, LastErrorDetails: Container exited with exit code 1 during startup after 44.2s. Please inspect your container logs for more details., Details: Site stopped at 09/18/2026 05:18:12 (UTC), DetailsLevel: WARN
2026-09-18T05:18:19.1668244+00:00 ContainerStatus: State: Blocked, Action: None, LastError: ContainerStartupFailure, LastErrorTimestamp: 09/18/2026 05:18:11, LastErrorDetails: Container exited with exit code 1 during startup after 44.2s. Please inspect your container logs for more details., Details: Site is blocked due to multiple, consecutive cold start failures. Site scheduled to be unblocked at 09/18/2026 05:19:12, DetailsLevel: WARN
2026-09-18T05:18:19.1671333+00:00 ContainerStatus: Start site prohibitted because the site is being blocked.
2026-09-18T05:18:24.2982992+00:00 ContainerStatus: State: Blocked, Action: None, LastError: ContainerStartupFailure, LastErrorTimestamp: 09/18/2026 05:18:11, LastErrorDetails: Container exited with exit code 1 during startup after 44.2s. Please inspect your container logs for more details., Details: Site is blocked due to multiple, consecutive cold start failures. Site scheduled to be unblocked at 09/18/2026 05:19:12, DetailsLevel: WARN
2026-09-18T05:18:24.2983332+00:00 ContainerStatus: Start site prohibitted because the site is being blocked.
2026-09-18T05:18:29.4413238+00:00 ContainerStatus: State: Blocked, Action: None, LastError: ContainerStartupFailure, LastErrorTimestamp: 09/18/2026 05:18:11, LastErrorDetails: Container exited with exit code 1 during startup after 44.2s. Please inspect your container logs for more details., Details: Site is blocked due to multiple, consecutive cold start failures. Site scheduled to be unblocked at 09/18/2026 05:19:12, DetailsLevel: WARN
2026-09-18T05:18:29.4413580+00:00 ContainerStatus: Start site prohibitted because the site is being blocked.
2026-09-18T05:18:34.6154177+00:00 ContainerStatus: State: Blocked, Action: None, LastError: ContainerStartupFailure, LastErrorTimestamp: 09/18/2026 05:18:11, LastErrorDetails: Container exited with exit code 1 during startup after 44.2s. Please inspect your container logs for more details., Details: Site is blocked due to multiple, consecutive cold start failures. Site scheduled to be unblocked at 09/18/2026 05:19:12, DetailsLevel: WARN
2026-09-18T05:18:34.6154443+00:00 ContainerStatus: Start site prohibitted because the site is being blocked.
2026-09-18T05:18:39.7577433+00:00 ContainerStatus: State: Blocked, Action: None, LastError: ContainerStartupFailure, LastErrorTimestamp: 09/18/2026 05:18:11, LastErrorDetails: Container exited with exit code 1 during startup after 44.2s. Please inspect your container logs for more details., Details: Site is blocked due to multiple, consecutive cold start failures. Site scheduled to be unblocked at 09/18/2026 05:19:12, DetailsLevel: WARN
2026-09-18T05:18:39.7577693+00:00 ContainerStatus: Start site prohibitted because the site is being blocked.
2026-09-18T05:18:45.0283253+00:00 ContainerStatus: State: Blocked, Action: None, LastError: ContainerStartupFailure, LastErrorTimestamp: 09/18/2026 05:18:11, LastErrorDetails: Container exited with exit code 1 during startup after 44.2s. Please inspect your container logs for more details., Details: Site is blocked due to multiple, consecutive cold start failures. Site scheduled to be unblocked at 09/18/2026 05:19:12, DetailsLevel: WARN
2026-09-18T05:18:45.0284826+00:00 ContainerStatus: Start site prohibitted because the site is being blocked.
2026-09-18T05:18:50.2687368+00:00 ContainerStatus: State: Blocked, Action: None, LastError: ContainerStartupFailure, LastErrorTimestamp: 09/18/2026 05:18:11, LastErrorDetails: Container exited with exit code 1 during startup after 44.2s. Please inspect your container logs for more details., Details: Site is blocked due to multiple, consecutive cold start failures. Site scheduled to be unblocked at 09/18/2026 05:19:12, DetailsLevel: WARN
2026-09-18T05:18:50.2690048+00:00 ContainerStatus: Start site prohibitted because the site is being blocked.
2026-09-18T05:18:55.3805197+00:00 ContainerStatus: State: Blocked, Action: None, LastError: ContainerStartupFailure, LastErrorTimestamp: 09/18/2026 05:18:11, LastErrorDetails: Container exited with exit code 1 during startup after 44.2s. Please inspect your container logs for more details., Details: Site is blocked due to multiple, consecutive cold start failures. Site scheduled to be unblocked at 09/18/2026 05:19:12, DetailsLevel: WARN
2026-09-18T05:18:55.3805713+00:00 ContainerStatus: Start site prohibitted because the site is being blocked.
2026-09-18T05:19:00.4541685+00:00 ContainerStatus: State: Blocked, Action: None, LastError: ContainerStartupFailure, LastErrorTimestamp: 09/18/2026 05:18:11, LastErrorDetails: Container exited with exit code 1 during startup after 44.2s. Please inspect your container logs for more details., Details: Site is blocked due to multiple, consecutive cold start failures. Site scheduled to be unblocked at 09/18/2026 05:19:12, DetailsLevel: WARN
2026-09-18T05:19:00.4541967+00:00 ContainerStatus: Start site prohibitted because the site is being blocked.
2026-09-18T05:19:05.6063860+00:00 ContainerStatus: State: Blocked, Action: None, LastError: ContainerStartupFailure, LastErrorTimestamp: 09/18/2026 05:18:11, LastErrorDetails: Container exited with exit code 1 during startup after 44.2s. Please inspect your container logs for more details., Details: Site is blocked due to multiple, consecutive cold start failures. Site scheduled to be unblocked at 09/18/2026 05:19:12, DetailsLevel: WARN
2026-09-18T05:19:05.6064148+00:00 ContainerStatus: Start site prohibitted because the site is being blocked.
2026-09-18T05:19:10.8142133+00:00 ContainerStatus: State: Blocked, Action: None, LastError: ContainerStartupFailure, LastErrorTimestamp: 09/18/2026 05:18:11, LastErrorDetails: Container exited with exit code 1 during startup after 44.2s. Please inspect your container logs for more details., Details: Site is blocked due to multiple, consecutive cold start failures. Site scheduled to be unblocked at 09/18/2026 05:19:12, DetailsLevel: WARN
2026-09-18T05:19:10.8142404+00:00 ContainerStatus: Start site prohibitted because the site is being blocked.
2026-09-18T05:19:12.5453012+00:00 ContainerStatus: Site: api-r2b-moksh is unblocked.
2026-09-18T05:19:16.1740319+00:00 ContainerStatus: State: Starting, Action: EstablishingSiteNetworks, LastError: ContainerStartupFailure, LastErrorTimestamp: 09/18/2026 05:18:11, LastErrorDetails: Container exited with exit code 1 during startup after 44.2s. Please inspect your container logs for more details., Details: Site is blocked due to multiple, consecutive cold start failures. Site scheduled to be unblocked at 09/18/2026 05:19:12, DetailsLevel: WARN
2026-09-18T05:19:18.5553412+00:00 ContainerStatus: State: Starting, Action: StartingSiteContainers, LastError: ContainerStartupFailure, LastErrorTimestamp: 09/18/2026 05:18:11, LastErrorDetails: Container exited with exit code 1 during startup after 44.2s. Please inspect your container logs for more details., Details: Site is blocked due to multiple, consecutive cold start failures. Site scheduled to be unblocked at 09/18/2026 05:19:12, DetailsLevel: WARN
2026-09-18T05:19:18.5554653+00:00 ContainerStatus: Container start method called.
2026-09-18T05:19:18.5555330+00:00 ContainerStatus: State: Starting, Action: PullingImage, LastError: ContainerStartupFailure, LastErrorTimestamp: 09/18/2026 05:18:11, LastErrorDetails: Container exited with exit code 1 during startup after 44.2s. Please inspect your container logs for more details., Details: Pulling image 10.1.0.5:13209/appsvc/python:3.12_20260910.3.tuxprod for api-r2b-moksh., DetailsLevel: INFO
2026-09-18T05:19:18.5557303+00:00 ContainerStatus: Establishing network.
2026-09-18T05:19:18.5558401+00:00 ContainerStatus: Pulling image: appsvc/python:3.12_20260910.3.tuxprod.
2026-09-18T05:19:19.0057281+00:00 ContainerStatus: Container is starting.
2026-09-18T05:19:19.0058421+00:00 ContainerStatus: State: Starting, Action: MountingVolumes, LastError: ContainerStartupFailure, LastErrorTimestamp: 09/18/2026 05:18:11, LastErrorDetails: Container exited with exit code 1 during startup after 44.2s. Please inspect your container logs for more details., Details: Mounting volumes for api-r2b-moksh., DetailsLevel: INFO
2026-09-18T05:19:19.0061977+00:00 ContainerStatus: Establishing user namespace if not established already.
2026-09-18T05:19:19.0065200+00:00 ContainerStatus: Establishing network if not established already.
2026-09-18T05:19:19.0070960+00:00 ContainerStatus: Mounting volumes.
2026-09-18T05:19:19.0077629+00:00 ContainerStatus: Nested mountpoint 
2026-09-18T05:19:19.0585332+00:00 ContainerStatus: Nested mountpoint volatile/logs
2026-09-18T05:19:19.1364632+00:00 ContainerStatus: Nested mountpoint 
2026-09-18T05:19:19.1778390+00:00 ContainerStatus: Nested mountpoint 
2026-09-18T05:19:19.1977555+00:00 ContainerStatus: Nested mountpoint 
2026-09-18T05:19:19.2792681+00:00 ContainerStatus: Nested mountpoint 
2026-09-18T05:19:19.6362203+00:00 ContainerStatus: State: Starting, Action: CreatingContainer, LastError: ContainerStartupFailure, LastErrorTimestamp: 09/18/2026 05:18:11, LastErrorDetails: Container exited with exit code 1 during startup after 44.2s. Please inspect your container logs for more details., Details: Finished pulling container image and mounting volumes for api-r2b-moksh. Allocatinng the rest of the container resources to finish container creation., DetailsLevel: INFO
2026-09-18T05:19:19.6365315+00:00 ContainerStatus: Creating container.
2026-09-18T05:19:19.6366226+00:00 ContainerStatus: Creating pipes for streaming container io.
2026-09-18T05:19:19.6366953+00:00 ContainerStatus: Creating stdout named pipe at /podr/container/pipe/ba1cc6e3bf1e_api-r2b-moksh/stdout_650077c568664200827141aeb4c5c3c9.
2026-09-18T05:19:19.6374996+00:00 ContainerStatus: Successfully created stdout named pipe at: /podr/container/pipe/ba1cc6e3bf1e_api-r2b-moksh/stdout_650077c568664200827141aeb4c5c3c9.
2026-09-18T05:19:19.6460229+00:00 ContainerStatus: Opening named pipe /podr/container/pipe/ba1cc6e3bf1e_api-r2b-moksh/stdout_650077c568664200827141aeb4c5c3c9 for reading in non-blocking mode.
2026-09-18T05:19:19.6461552+00:00 ContainerStatus: Successfully opened named pipe: /podr/container/pipe/ba1cc6e3bf1e_api-r2b-moksh/stdout_650077c568664200827141aeb4c5c3c9.
2026-09-18T05:19:19.6461944+00:00 ContainerStatus: Successfully removed non-blocking flag from /podr/container/pipe/ba1cc6e3bf1e_api-r2b-moksh/stdout_650077c568664200827141aeb4c5c3c9.
2026-09-18T05:19:19.6462987+00:00 ContainerStatus: Creating stderr named pipe at /podr/container/pipe/ba1cc6e3bf1e_api-r2b-moksh/stderr_7c1e12a3d1df41b980c1754b31d6b011.
2026-09-18T05:19:19.6465805+00:00 ContainerStatus: Successfully created stderr named pipe at: /podr/container/pipe/ba1cc6e3bf1e_api-r2b-moksh/stderr_7c1e12a3d1df41b980c1754b31d6b011.
2026-09-18T05:19:19.6466423+00:00 ContainerStatus: Opening named pipe /podr/container/pipe/ba1cc6e3bf1e_api-r2b-moksh/stderr_7c1e12a3d1df41b980c1754b31d6b011 for reading in non-blocking mode.
2026-09-18T05:19:19.6466951+00:00 ContainerStatus: Successfully opened named pipe: /podr/container/pipe/ba1cc6e3bf1e_api-r2b-moksh/stderr_7c1e12a3d1df41b980c1754b31d6b011.
2026-09-18T05:19:19.6467789+00:00 ContainerStatus: Successfully removed non-blocking flag from /podr/container/pipe/ba1cc6e3bf1e_api-r2b-moksh/stderr_7c1e12a3d1df41b980c1754b31d6b011.
2026-09-18T05:19:19.6468680+00:00 ContainerStatus: Creating container with image: appsvc/python:3.12_20260910.3.tuxprod from registry: 10.1.0.5:13209 and fully qualified image name: 10.1.0.5:13209/appsvc/python:3.12_20260910.3.tuxprod
2026-09-18T05:19:20.6090983+00:00 ContainerStatus: Starting container: ba1cc6e3bf1e_api-r2b-moksh.
2026-09-18T05:19:20.7319845+00:00 ContainerStatus: Starting watchers and probes.
2026-09-18T05:19:20.7324247+00:00 ContainerStatus: Starting metrics collection.
2026-09-18T05:19:20.7324999+00:00 ContainerStatus: Container is running.
2026-09-18T05:19:20.7326045+00:00 ContainerStatus: State: Starting, Action: CreatingContainer, LastError: ContainerStartupFailure, LastErrorTimestamp: 09/18/2026 05:18:11, LastErrorDetails: Container exited with exit code 1 during startup after 44.2s. Please inspect your container logs for more details., Details: Container api-r2b-moksh successfully created and is running., DetailsLevel: INFO
2026-09-18T05:19:20.8916778+00:00 ContainerStream:    _____                               
2026-09-18T05:19:20.8917093+00:00 ContainerStream:   /  _  \ __________ _________   ____  
2026-09-18T05:19:20.8917115+00:00 ContainerStream:  /  /_\  \\___   /  |  \_  __ \_/ __ \ 
2026-09-18T05:19:20.8917133+00:00 ContainerStream: /    |    \/    /|  |  /|  | \/\  ___/ 
2026-09-18T05:19:20.8917148+00:00 ContainerStream: \____|__  /_____ \____/ |__|    \___  >
2026-09-18T05:19:20.8917166+00:00 ContainerStream:         \/      \/                  \/ 
2026-09-18T05:19:20.8917184+00:00 ContainerStream: A P P   S E R V I C E   O N   L I N U X
2026-09-18T05:19:20.8917197+00:00 ContainerStream: 
2026-09-18T05:19:20.8917212+00:00 ContainerStream: Documentation     : https://aka.ms/webapp-linux
2026-09-18T05:19:20.8917226+00:00 ContainerStream: Python quickstart : https://aka.ms/python-qs
2026-09-18T05:19:20.8917241+00:00 ContainerStream: Python version    : 3.12.13
2026-09-18T05:19:20.8917257+00:00 ContainerStream: Instance name     : lw1sdlwk0000XH
2026-09-18T05:19:20.8917278+00:00 ContainerStream: Instance id       : 171ec3c9695c928239cd2a33aaa77a41cdd8d87f623b348303044a8f83dcf651
2026-09-18T05:19:20.8917383+00:00 ContainerStream: 
2026-09-18T05:19:20.8917399+00:00 ContainerStream: App port          : 8000
2026-09-18T05:19:20.8917414+00:00 ContainerStream: Port selected by  : Default for this image
2026-09-18T05:19:20.8917429+00:00 ContainerStream: (Learn more about the PORT appsetting https://aka.ms/webapp-python-settings)
2026-09-18T05:19:20.8917468+00:00 ContainerStream: 
2026-09-18T05:19:20.8917483+00:00 ContainerStream: Note: Any data outside '/home' is not persisted
2026-09-18T05:19:20.8917495+00:00 ContainerStream: 
2026-09-18T05:19:20.8917525+00:00 ContainerStream: ────────────────────────────────────────────────────────────────
2026-09-18T05:19:20.8917540+00:00 ContainerStream:  Run 'apphelp' for available commands and aliases.
2026-09-18T05:19:20.8917555+00:00 ContainerStream:  Run 'install-nettools' to install networking utilities.
2026-09-18T05:19:20.8917581+00:00 ContainerStream: ────────────────────────────────────────────────────────────────
2026-09-18T05:19:21.0937169+00:00 ContainerStatus: Container start method finished after 2538 ms.
2026-09-18T05:19:21.0938814+00:00 ContainerStatus: State: Starting, Action: InitiatingSiteWarmUpProbe, LastError: ContainerStartupFailure, LastErrorTimestamp: 09/18/2026 05:18:11, LastErrorDetails: Container exited with exit code 1 during startup after 44.2s. Please inspect your container logs for more details., Details: Container api-r2b-moksh successfully created and is running., DetailsLevel: INFO
2026-09-18T05:19:21.0939007+00:00 ContainerStatus: State: Starting, Action: WaitingForSiteWarmUpProbeSuccess, LastError: ContainerStartupFailure, LastErrorTimestamp: 09/18/2026 05:18:11, LastErrorDetails: Container exited with exit code 1 during startup after 44.2s. Please inspect your container logs for more details., Details: Pinging warmup path to ensure container is ready to receive requests., DetailsLevel: INFO
2026-09-18T05:19:24.1608084+00:00 ContainerStream: Starting OpenBSD Secure Shell server: sshd.
2026-09-18T05:19:24.1913492+00:00 ContainerStream: WEBSITES_INCLUDE_CLOUD_CERTS is not set to true.
2026-09-18T05:19:24.2539935+00:00 ContainerStream: Updating certificates in /etc/ssl/certs...
2026-09-18T05:19:50.1615678+00:00 ContainerStream: rehash: warning: skipping duplicate certificate in azl_SSL.com_TLS_ECC_Root_CA_2022.pem
2026-09-18T05:19:50.1615969+00:00 ContainerStream: rehash: warning: skipping duplicate certificate in azl_SSL.com_TLS_RSA_Root_CA_2022.pem
2026-09-18T05:19:50.6918062+00:00 ContainerStream: rehash: warning: skipping ca-certificates.crt,it does not contain exactly one certificate or CRL
2026-09-18T05:19:50.7448146+00:00 ContainerStream: 4 added, 0 removed; done.
2026-09-18T05:19:50.7527402+00:00 ContainerStream: Running hooks in /etc/ca-certificates/update.d...
2026-09-18T05:19:50.7642920+00:00 ContainerStream: done.
2026-09-18T05:19:50.8031706+00:00 ContainerStream: CA certificates copied and updated successfully.
2026-09-18T05:19:50.9041449+00:00 ContainerStream: Site's appCommandLine: python -m uvicorn backend.app.main:app --host 0.0.0.0 --port 8000
2026-09-18T05:19:51.3771242+00:00 ContainerStream: Starting periodic command scheduler: cron.
2026-09-18T05:19:51.3782412+00:00 ContainerStream: Launching oryx with: create-script -appPath /home/site/wwwroot -output /opt/startup/startup.sh -virtualEnvName antenv -defaultApp /opt/defaultsite -userStartupCommand 'python -m uvicorn backend.app.main:app --host 0.0.0.0 --port 8000'
2026-09-18T05:19:51.5669039+00:00 ContainerStream: Found build manifest file at '/home/site/wwwroot/oryx-manifest.toml'. Deserializing it...
2026-09-18T05:19:51.5699880+00:00 ContainerStream: Build Operation ID: 6e59e9e7ba075ab8
2026-09-18T05:19:51.5774775+00:00 ContainerStream: Oryx Version: 0.2.20260710.1, Commit: 079b5b6294eb97d462d8f96bfa3243e9b85251da, ReleaseTagName: 20260710.1
2026-09-18T05:19:51.5783014+00:00 ContainerStream: Output is compressed. Extracting it...
2026-09-18T05:19:51.5796265+00:00 ContainerStream: Found zstd-compressed tarball.
2026-09-18T05:19:51.5875827+00:00 ContainerStream: Extracting '/home/site/wwwroot/output.tar.zst' to directory '/tmp/8df15436a2b7f43'...
2026-09-18T05:19:51.5886092+00:00 ContainerStream: Using zstd for decompression of file: /home/site/wwwroot/output.tar.zst
2026-09-18T05:19:58.7410741+00:00 ContainerStream: zstd tar Successfully extracted '/home/site/wwwroot/output.tar.zst' to '/tmp/8df15436a2b7f43'
2026-09-18T05:19:58.7421027+00:00 ContainerStream: App path is set to '/tmp/8df15436a2b7f43'
2026-09-18T05:19:59.5138917+00:00 ContainerStream: Writing output script to '/opt/startup/startup.sh'
2026-09-18T05:19:59.8123208+00:00 ContainerStream: Using packages from virtual environment antenv located at /tmp/8df15436a2b7f43/antenv.
2026-09-18T05:19:59.8202844+00:00 ContainerStream: Updated PYTHONPATH to '/home/site/wwwroot:/home/site/wwwroot/backend:/opt/startup/app_logs:/tmp/8df15436a2b7f43/antenv/lib/python3.12/site-packages'
2026-09-18T05:20:00.6322864+00:00 ContainerStream: Traceback (most recent call last):
2026-09-18T05:20:00.6332266+00:00 ContainerStream:   File "<frozen runpy>", line 198, in _run_module_as_main
2026-09-18T05:20:00.6339688+00:00 ContainerStream:   File "<frozen runpy>", line 88, in _run_code
2026-09-18T05:20:00.6347327+00:00 ContainerStream:   File "/tmp/8df15436a2b7f43/antenv/lib/python3.12/site-packages/uvicorn/__main__.py", line 4, in <module>
2026-09-18T05:20:00.6542083+00:00 ContainerStream:     uvicorn.main()
2026-09-18T05:20:00.6640126+00:00 ContainerStream:   File "/tmp/8df15436a2b7f43/antenv/lib/python3.12/site-packages/click/core.py", line 1631, in __call__
2026-09-18T05:20:00.6649315+00:00 ContainerStream:     return self.main(*args, **kwargs)
2026-09-18T05:20:00.6747639+00:00 ContainerStream:            ^^^^^^^^^^^^^^^^^^^^^^^^^^
2026-09-18T05:20:00.6747950+00:00 ContainerStream:   File "/tmp/8df15436a2b7f43/antenv/lib/python3.12/site-packages/click/core.py", line 1552, in main
2026-09-18T05:20:00.6747974+00:00 ContainerStream:     rv = self.invoke(ctx)
2026-09-18T05:20:00.6747988+00:00 ContainerStream:          ^^^^^^^^^^^^^^^^
2026-09-18T05:20:00.6748005+00:00 ContainerStream:   File "/tmp/8df15436a2b7f43/antenv/lib/python3.12/site-packages/click/core.py", line 1415, in invoke
2026-09-18T05:20:00.6748023+00:00 ContainerStream:     return ctx.invoke(self.callback, **ctx.params)
2026-09-18T05:20:00.6748038+00:00 ContainerStream:            ^^^^^^^^^^^^^^^^^^^^^^^^^^^^^^^^^^^^^^^
2026-09-18T05:20:00.6748055+00:00 ContainerStream:   File "/tmp/8df15436a2b7f43/antenv/lib/python3.12/site-packages/click/core.py", line 910, in invoke
2026-09-18T05:20:00.6748073+00:00 ContainerStream:     return callback(*args, **kwargs)
2026-09-18T05:20:00.6748087+00:00 ContainerStream:            ^^^^^^^^^^^^^^^^^^^^^^^^^
2026-09-18T05:20:00.6748104+00:00 ContainerStream:   File "/tmp/8df15436a2b7f43/antenv/lib/python3.12/site-packages/uvicorn/main.py", line 448, in main
2026-09-18T05:20:00.6748218+00:00 ContainerStream:     run(
2026-09-18T05:20:00.6748237+00:00 ContainerStream:   File "/tmp/8df15436a2b7f43/antenv/lib/python3.12/site-packages/uvicorn/main.py", line 620, in run
2026-09-18T05:20:00.6748252+00:00 ContainerStream:     config.load_app()
2026-09-18T05:20:00.6748271+00:00 ContainerStream:   File "/tmp/8df15436a2b7f43/antenv/lib/python3.12/site-packages/uvicorn/config.py", line 434, in load_app
2026-09-18T05:20:00.6748285+00:00 ContainerStream:     return import_from_string(self.app)
2026-09-18T05:20:00.6748299+00:00 ContainerStream:            ^^^^^^^^^^^^^^^^^^^^^^^^^^^^
2026-09-18T05:20:00.6748317+00:00 ContainerStream:   File "/tmp/8df15436a2b7f43/antenv/lib/python3.12/site-packages/uvicorn/importer.py", line 22, in import_from_string
2026-09-18T05:20:00.6840879+00:00 ContainerStream:     raise exc from None
2026-09-18T05:20:00.6843114+00:00 ContainerStream:   File "/tmp/8df15436a2b7f43/antenv/lib/python3.12/site-packages/uvicorn/importer.py", line 19, in import_from_string
2026-09-18T05:20:00.6843141+00:00 ContainerStream:     module = importlib.import_module(module_str)
2026-09-18T05:20:00.6843157+00:00 ContainerStream:              ^^^^^^^^^^^^^^^^^^^^^^^^^^^^^^^^^^^
2026-09-18T05:20:00.6930504+00:00 ContainerStream:   File "/opt/python/3.12.13/lib/python3.12/importlib/__init__.py", line 90, in import_module
2026-09-18T05:20:00.6931081+00:00 ContainerStream:     return _bootstrap._gcd_import(name[level:], package, level)
2026-09-18T05:20:00.6931107+00:00 ContainerStream:            ^^^^^^^^^^^^^^^^^^^^^^^^^^^^^^^^^^^^^^^^^^^^^^^^^^^^
2026-09-18T05:20:00.6931123+00:00 ContainerStream:   File "<frozen importlib._bootstrap>", line 1387, in _gcd_import
2026-09-18T05:20:00.6931139+00:00 ContainerStream:   File "<frozen importlib._bootstrap>", line 1360, in _find_and_load
2026-09-18T05:20:00.6931155+00:00 ContainerStream:   File "<frozen importlib._bootstrap>", line 1310, in _find_and_load_unlocked
2026-09-18T05:20:00.6931171+00:00 ContainerStream:   File "<frozen importlib._bootstrap>", line 488, in _call_with_frames_removed
2026-09-18T05:20:00.6931186+00:00 ContainerStream:   File "<frozen importlib._bootstrap>", line 1387, in _gcd_import
2026-09-18T05:20:00.6931203+00:00 ContainerStream:   File "<frozen importlib._bootstrap>", line 1360, in _find_and_load
2026-09-18T05:20:00.6931219+00:00 ContainerStream:   File "<frozen importlib._bootstrap>", line 1310, in _find_and_load_unlocked
2026-09-18T05:20:00.6931234+00:00 ContainerStream:   File "<frozen importlib._bootstrap>", line 488, in _call_with_frames_removed
2026-09-18T05:20:00.6931249+00:00 ContainerStream:   File "<frozen importlib._bootstrap>", line 1387, in _gcd_import
2026-09-18T05:20:00.6931264+00:00 ContainerStream:   File "<frozen importlib._bootstrap>", line 1360, in _find_and_load
2026-09-18T05:20:00.6931308+00:00 ContainerStream:   File "<frozen importlib._bootstrap>", line 1324, in _find_and_load_unlocked
2026-09-18T05:20:00.6931323+00:00 ContainerStream: ModuleNotFoundError: No module named 'backend'
2026-09-18T05:20:00.9725798+00:00 ContainerStatus: Container has finished running with exit code: 1.
2026-09-18T05:20:00.9727212+00:00 ContainerStatus: Container is terminating. Grace period: 5 seconds.
2026-09-18T05:20:00.9736536+00:00 ContainerStatus: Stop and delete container. Retry count = 0
2026-09-18T05:20:00.9737277+00:00 ContainerStatus: Stopping container: ba1cc6e3bf1e_api-r2b-moksh.
2026-09-18T05:20:01.0847224+00:00 ContainerStatus: Deleting container: ba1cc6e3bf1e_api-r2b-moksh. Retry count = 0
2026-09-18T05:20:01.8593724+00:00 ContainerStatus: Container spec TerminationMessagePolicy  path 
2026-09-18T05:20:01.8698117+00:00 ContainerStatus: Container is terminated. Total time elapsed: 896 ms.
2026-09-18T05:20:01.8701868+00:00 ContainerStatus: Site container: api-r2b-moksh terminated during site startup.
2026-09-18T05:20:01.8712710+00:00 ContainerStatus: State: Stopping, Action: CancellingStartup, LastError: ContainerStartupFailure, LastErrorTimestamp: 09/18/2026 05:18:11, LastErrorDetails: Container exited with exit code 1 during startup after 44.2s. Please inspect your container logs for more details., Details: Site container: api-r2b-moksh terminated during site startup. Cancelling site startup., DetailsLevel: ERR
2026-09-18T05:20:01.9206543+00:00 ContainerStatus: Site startup probe failed after 40.8051091 seconds.
2026-09-18T05:20:02.4019014+00:00 ContainerStatus: State: Stopping, Action: CancellingStartup, LastError: ContainerStartupFailure, LastErrorTimestamp: 09/18/2026 05:20:02, LastErrorDetails: Container exited with exit code 1 during startup after 41.2s. Please inspect your container logs for more details., Details: Site container: api-r2b-moksh terminated during site startup. Cancelling site startup., DetailsLevel: ERR
2026-09-18T05:20:02.4391827+00:00 ContainerStatus: Failed to start site. Revert by stopping site.
2026-09-18T05:20:02.4397255+00:00 ContainerStatus: State: Stopping, Action: StoppingSite, LastError: ContainerStartupFailure, LastErrorTimestamp: 09/18/2026 05:20:02, LastErrorDetails: Container exited with exit code 1 during startup after 41.2s. Please inspect your container logs for more details., Details: Site container: api-r2b-moksh terminated during site startup. Cancelling site startup., DetailsLevel: ERR
2026-09-18T05:20:02.4401771+00:00 ContainerStatus: State: Stopping, Action: StoppingSiteContainers, LastError: ContainerStartupFailure, LastErrorTimestamp: 09/18/2026 05:20:02, LastErrorDetails: Container exited with exit code 1 during startup after 41.2s. Please inspect your container logs for more details., Details: Site container: api-r2b-moksh terminated during site startup. Cancelling site startup., DetailsLevel: ERR
2026-09-18T05:20:02.4402032+00:00 ContainerStatus: Site: api-r2b-moksh stopped.
========== New Cold Start Attempt (2026-09-18T05:20:02.5100930+00:00) ==========
2026-09-18T05:20:02.5100930+00:00 ContainerStatus: State: Stopping, Action: UnmountingVolumes, LastError: ContainerStartupFailure, LastErrorTimestamp: 09/18/2026 05:20:02, LastErrorDetails: Container exited with exit code 1 during startup after 41.2s. Please inspect your container logs for more details., Details: Site container: api-r2b-moksh terminated during site startup. Cancelling site startup., DetailsLevel: ERR
2026-09-18T05:20:03.1651709+00:00 ContainerStatus: State: Stopping, Action: StoppingSiteNetworks, LastError: ContainerStartupFailure, LastErrorTimestamp: 09/18/2026 05:20:02, LastErrorDetails: Container exited with exit code 1 during startup after 41.2s. Please inspect your container logs for more details., Details: Site container: api-r2b-moksh terminated during site startup. Cancelling site startup., DetailsLevel: ERR
2026-09-18T05:20:03.3773155+00:00 ContainerStatus: Site: api-r2b-moksh will be blocked for 2 minutes till 09/18/2026 05:22:03
2026-09-18T05:20:03.3774702+00:00 ContainerStatus: State: Blocked, Action: StoppingSiteNetworks, LastError: ContainerStartupFailure, LastErrorTimestamp: 09/18/2026 05:20:02, LastErrorDetails: Container exited with exit code 1 during startup after 41.2s. Please inspect your container logs for more details., Details: Site: api-r2b-moksh will be blocked for 2 minutes till 09/18/2026 05:22:03, DetailsLevel: WARN
2026-09-18T05:20:03.3850993+00:00 ContainerStatus: State: Stopped, Action: None, LastError: ContainerStartupFailure, LastErrorTimestamp: 09/18/2026 05:20:02, LastErrorDetails: Container exited with exit code 1 during startup after 41.2s. Please inspect your container logs for more details., Details: Site stopped at 09/18/2026 05:20:03 (UTC), DetailsLevel: WARN
2026-09-18T05:20:06.1466781+00:00 ContainerStatus: State: Stopped, Action: None, LastError: ContainerStartupFailure, LastErrorTimestamp: 09/18/2026 05:20:02, LastErrorDetails: Container exited with exit code 1 during startup after 41.2s. Please inspect your container logs for more details., Details: Site stopped at 09/18/2026 05:20:03 (UTC), DetailsLevel: WARN
2026-09-18T05:20:10.8664053+00:00 ContainerStatus: State: Blocked, Action: None, LastError: ContainerStartupFailure, LastErrorTimestamp: 09/18/2026 05:20:02, LastErrorDetails: Container exited with exit code 1 during startup after 41.2s. Please inspect your container logs for more details., Details: Site is blocked due to multiple, consecutive cold start failures. Site scheduled to be unblocked at 09/18/2026 05:22:03, DetailsLevel: WARN
2026-09-18T05:20:10.8664316+00:00 ContainerStatus: Start site prohibitted because the site is being blocked.
2026-09-18T05:20:16.0696898+00:00 ContainerStatus: State: Blocked, Action: None, LastError: ContainerStartupFailure, LastErrorTimestamp: 09/18/2026 05:20:02, LastErrorDetails: Container exited with exit code 1 during startup after 41.2s. Please inspect your container logs for more details., Details: Site is blocked due to multiple, consecutive cold start failures. Site scheduled to be unblocked at 09/18/2026 05:22:03, DetailsLevel: WARN
2026-09-18T05:20:16.0698307+00:00 ContainerStatus: Start site prohibitted because the site is being blocked.
2026-09-18T05:20:21.3155689+00:00 ContainerStatus: State: Blocked, Action: None, LastError: ContainerStartupFailure, LastErrorTimestamp: 09/18/2026 05:20:02, LastErrorDetails: Container exited with exit code 1 during startup after 41.2s. Please inspect your container logs for more details., Details: Site is blocked due to multiple, consecutive cold start failures. Site scheduled to be unblocked at 09/18/2026 05:22:03, DetailsLevel: WARN
2026-09-18T05:20:21.3156249+00:00 ContainerStatus: Start site prohibitted because the site is being blocked.
2026-09-18T05:20:26.5033862+00:00 ContainerStatus: State: Blocked, Action: None, LastError: ContainerStartupFailure, LastErrorTimestamp: 09/18/2026 05:20:02, LastErrorDetails: Container exited with exit code 1 during startup after 41.2s. Please inspect your container logs for more details., Details: Site is blocked due to multiple, consecutive cold start failures. Site scheduled to be unblocked at 09/18/2026 05:22:03, DetailsLevel: WARN
2026-09-18T05:20:26.5034171+00:00 ContainerStatus: Start site prohibitted because the site is being blocked.
2026-09-18T05:20:31.6991333+00:00 ContainerStatus: State: Blocked, Action: None, LastError: ContainerStartupFailure, LastErrorTimestamp: 09/18/2026 05:20:02, LastErrorDetails: Container exited with exit code 1 during startup after 41.2s. Please inspect your container logs for more details., Details: Site is blocked due to multiple, consecutive cold start failures. Site scheduled to be unblocked at 09/18/2026 05:22:03, DetailsLevel: WARN
2026-09-18T05:20:31.6992095+00:00 ContainerStatus: Start site prohibitted because the site is being blocked.
2026-09-18T05:20:36.8257100+00:00 ContainerStatus: State: Blocked, Action: None, LastError: ContainerStartupFailure, LastErrorTimestamp: 09/18/2026 05:20:02, LastErrorDetails: Container exited with exit code 1 during startup after 41.2s. Please inspect your container logs for more details., Details: Site is blocked due to multiple, consecutive cold start failures. Site scheduled to be unblocked at 09/18/2026 05:22:03, DetailsLevel: WARN
2026-09-18T05:20:36.8257395+00:00 ContainerStatus: Start site prohibitted because the site is being blocked.
2026-09-18T05:20:41.9268651+00:00 ContainerStatus: State: Blocked, Action: None, LastError: ContainerStartupFailure, LastErrorTimestamp: 09/18/2026 05:20:02, LastErrorDetails: Container exited with exit code 1 during startup after 41.2s. Please inspect your container logs for more details., Details: Site is blocked due to multiple, consecutive cold start failures. Site scheduled to be unblocked at 09/18/2026 05:22:03, DetailsLevel: WARN
2026-09-18T05:20:41.9269540+00:00 ContainerStatus: Start site prohibitted because the site is being blocked.
2026-09-18T05:20:47.0391045+00:00 ContainerStatus: State: Blocked, Action: None, LastError: ContainerStartupFailure, LastErrorTimestamp: 09/18/2026 05:20:02, LastErrorDetails: Container exited with exit code 1 during startup after 41.2s. Please inspect your container logs for more details., Details: Site is blocked due to multiple, consecutive cold start failures. Site scheduled to be unblocked at 09/18/2026 05:22:03, DetailsLevel: WARN
2026-09-18T05:20:47.0392913+00:00 ContainerStatus: Start site prohibitted because the site is being blocked.
2026-09-18T05:20:52.1299412+00:00 ContainerStatus: State: Blocked, Action: None, LastError: ContainerStartupFailure, LastErrorTimestamp: 09/18/2026 05:20:02, LastErrorDetails: Container exited with exit code 1 during startup after 41.2s. Please inspect your container logs for more details., Details: Site is blocked due to multiple, consecutive cold start failures. Site scheduled to be unblocked at 09/18/2026 05:22:03, DetailsLevel: WARN
2026-09-18T05:20:52.1300425+00:00 ContainerStatus: Start site prohibitted because the site is being blocked.
2026-09-18T05:20:57.1939987+00:00 ContainerStatus: State: Blocked, Action: None, LastError: ContainerStartupFailure, LastErrorTimestamp: 09/18/2026 05:20:02, LastErrorDetails: Container exited with exit code 1 during startup after 41.2s. Please inspect your container logs for more details., Details: Site is blocked due to multiple, consecutive cold start failures. Site scheduled to be unblocked at 09/18/2026 05:22:03, DetailsLevel: WARN
2026-09-18T05:20:57.1942751+00:00 ContainerStatus: Start site prohibitted because the site is being blocked.
2026-09-18T05:21:02.2883639+00:00 ContainerStatus: State: Blocked, Action: None, LastError: ContainerStartupFailure, LastErrorTimestamp: 09/18/2026 05:20:02, LastErrorDetails: Container exited with exit code 1 during startup after 41.2s. Please inspect your container logs for more details., Details: Site is blocked due to multiple, consecutive cold start failures. Site scheduled to be unblocked at 09/18/2026 05:22:03, DetailsLevel: WARN
2026-09-18T05:21:02.2884185+00:00 ContainerStatus: Start site prohibitted because the site is being blocked.
2026-09-18T05:21:07.3638286+00:00 ContainerStatus: State: Blocked, Action: None, LastError: ContainerStartupFailure, LastErrorTimestamp: 09/18/2026 05:20:02, LastErrorDetails: Container exited with exit code 1 during startup after 41.2s. Please inspect your container logs for more details., Details: Site is blocked due to multiple, consecutive cold start failures. Site scheduled to be unblocked at 09/18/2026 05:22:03, DetailsLevel: WARN
2026-09-18T05:21:07.3638859+00:00 ContainerStatus: Start site prohibitted because the site is being blocked.
2026-09-18T05:21:12.4834535+00:00 ContainerStatus: State: Blocked, Action: None, LastError: ContainerStartupFailure, LastErrorTimestamp: 09/18/2026 05:20:02, LastErrorDetails: Container exited with exit code 1 during startup after 41.2s. Please inspect your container logs for more details., Details: Site is blocked due to multiple, consecutive cold start failures. Site scheduled to be unblocked at 09/18/2026 05:22:03, DetailsLevel: WARN
2026-09-18T05:21:12.4835067+00:00 ContainerStatus: Start site prohibitted because the site is being blocked.
2026-09-18T05:21:17.5954800+00:00 ContainerStatus: State: Blocked, Action: None, LastError: ContainerStartupFailure, LastErrorTimestamp: 09/18/2026 05:20:02, LastErrorDetails: Container exited with exit code 1 during startup after 41.2s. Please inspect your container logs for more details., Details: Site is blocked due to multiple, consecutive cold start failures. Site scheduled to be unblocked at 09/18/2026 05:22:03, DetailsLevel: WARN
2026-09-18T05:21:17.5956174+00:00 ContainerStatus: Start site prohibitted because the site is being blocked.
2026-09-18T05:21:22.7106977+00:00 ContainerStatus: State: Blocked, Action: None, LastError: ContainerStartupFailure, LastErrorTimestamp: 09/18/2026 05:20:02, LastErrorDetails: Container exited with exit code 1 during startup after 41.2s. Please inspect your container logs for more details., Details: Site is blocked due to multiple, consecutive cold start failures. Site scheduled to be unblocked at 09/18/2026 05:22:03, DetailsLevel: WARN
2026-09-18T05:21:22.7107542+00:00 ContainerStatus: Start site prohibitted because the site is being blocked.
2026-09-18T05:21:27.8277156+00:00 ContainerStatus: State: Blocked, Action: None, LastError: ContainerStartupFailure, LastErrorTimestamp: 09/18/2026 05:20:02, LastErrorDetails: Container exited with exit code 1 during startup after 41.2s. Please inspect your container logs for more details., Details: Site is blocked due to multiple, consecutive cold start failures. Site scheduled to be unblocked at 09/18/2026 05:22:03, DetailsLevel: WARN
2026-09-18T05:21:27.8277484+00:00 ContainerStatus: Start site prohibitted because the site is being blocked.
2026-09-18T05:21:32.8776182+00:00 ContainerStatus: State: Blocked, Action: None, LastError: ContainerStartupFailure, LastErrorTimestamp: 09/18/2026 05:20:02, LastErrorDetails: Container exited with exit code 1 during startup after 41.2s. Please inspect your container logs for more details., Details: Site is blocked due to multiple, consecutive cold start failures. Site scheduled to be unblocked at 09/18/2026 05:22:03, DetailsLevel: WARN
2026-09-18T05:21:32.8776729+00:00 ContainerStatus: Start site prohibitted because the site is being blocked.
2026-09-18T05:21:38.0018179+00:00 ContainerStatus: State: Blocked, Action: None, LastError: ContainerStartupFailure, LastErrorTimestamp: 09/18/2026 05:20:02, LastErrorDetails: Container exited with exit code 1 during startup after 41.2s. Please inspect your container logs for more details., Details: Site is blocked due to multiple, consecutive cold start failures. Site scheduled to be unblocked at 09/18/2026 05:22:03, DetailsLevel: WARN
2026-09-18T05:21:38.0018521+00:00 ContainerStatus: Start site prohibitted because the site is being blocked.
2026-09-18T05:21:43.2543265+00:00 ContainerStatus: State: Blocked, Action: None, LastError: ContainerStartupFailure, LastErrorTimestamp: 09/18/2026 05:20:02, LastErrorDetails: Container exited with exit code 1 during startup after 41.2s. Please inspect your container logs for more details., Details: Site is blocked due to multiple, consecutive cold start failures. Site scheduled to be unblocked at 09/18/2026 05:22:03, DetailsLevel: WARN
2026-09-18T05:21:43.2543899+00:00 ContainerStatus: Start site prohibitted because the site is being blocked.
2026-09-18T05:21:48.3586150+00:00 ContainerStatus: State: Blocked, Action: None, LastError: ContainerStartupFailure, LastErrorTimestamp: 09/18/2026 05:20:02, LastErrorDetails: Container exited with exit code 1 during startup after 41.2s. Please inspect your container logs for more details., Details: Site is blocked due to multiple, consecutive cold start failures. Site scheduled to be unblocked at 09/18/2026 05:22:03, DetailsLevel: WARN
2026-09-18T05:21:48.3586703+00:00 ContainerStatus: Start site prohibitted because the site is being blocked.
2026-09-18T05:21:53.4347709+00:00 ContainerStatus: State: Blocked, Action: None, LastError: ContainerStartupFailure, LastErrorTimestamp: 09/18/2026 05:20:02, LastErrorDetails: Container exited with exit code 1 during startup after 41.2s. Please inspect your container logs for more details., Details: Site is blocked due to multiple, consecutive cold start failures. Site scheduled to be unblocked at 09/18/2026 05:22:03, DetailsLevel: WARN
2026-09-18T05:21:53.4348086+00:00 ContainerStatus: Start site prohibitted because the site is being blocked.
2026-09-18T05:21:58.5296426+00:00 ContainerStatus: State: Blocked, Action: None, LastError: ContainerStartupFailure, LastErrorTimestamp: 09/18/2026 05:20:02, LastErrorDetails: Container exited with exit code 1 during startup after 41.2s. Please inspect your container logs for more details., Details: Site is blocked due to multiple, consecutive cold start failures. Site scheduled to be unblocked at 09/18/2026 05:22:03, DetailsLevel: WARN
2026-09-18T05:21:58.5296847+00:00 ContainerStatus: Start site prohibitted because the site is being blocked.
2026-09-18T05:22:03.3830891+00:00 ContainerStatus: Site: api-r2b-moksh is unblocked.
2026-09-18T05:22:03.6153922+00:00 ContainerStatus: State: Starting, Action: EstablishingSiteNetworks, LastError: ContainerStartupFailure, LastErrorTimestamp: 09/18/2026 05:20:02, LastErrorDetails: Container exited with exit code 1 during startup after 41.2s. Please inspect your container logs for more details., Details: Site is blocked due to multiple, consecutive cold start failures. Site scheduled to be unblocked at 09/18/2026 05:22:03, DetailsLevel: WARN
2026-09-18T05:22:06.3714850+00:00 ContainerStatus: State: Starting, Action: StartingSiteContainers, LastError: ContainerStartupFailure, LastErrorTimestamp: 09/18/2026 05:20:02, LastErrorDetails: Container exited with exit code 1 during startup after 41.2s. Please inspect your container logs for more details., Details: Site is blocked due to multiple, consecutive cold start failures. Site scheduled to be unblocked at 09/18/2026 05:22:03, DetailsLevel: WARN
2026-09-18T05:22:06.3716463+00:00 ContainerStatus: Container start method called.
2026-09-18T05:22:06.3724413+00:00 ContainerStatus: State: Starting, Action: PullingImage, LastError: ContainerStartupFailure, LastErrorTimestamp: 09/18/2026 05:20:02, LastErrorDetails: Container exited with exit code 1 during startup after 41.2s. Please inspect your container logs for more details., Details: Pulling image 10.1.0.5:13209/appsvc/python:3.12_20260910.3.tuxprod for api-r2b-moksh., DetailsLevel: INFO
2026-09-18T05:22:06.3725506+00:00 ContainerStatus: Establishing network.
2026-09-18T05:22:06.3726631+00:00 ContainerStatus: Pulling image: appsvc/python:3.12_20260910.3.tuxprod.
2026-09-18T05:22:06.9316660+00:00 ContainerStatus: Container is starting.
2026-09-18T05:22:06.9317605+00:00 ContainerStatus: State: Starting, Action: MountingVolumes, LastError: ContainerStartupFailure, LastErrorTimestamp: 09/18/2026 05:20:02, LastErrorDetails: Container exited with exit code 1 during startup after 41.2s. Please inspect your container logs for more details., Details: Mounting volumes for api-r2b-moksh., DetailsLevel: INFO
2026-09-18T05:22:06.9317991+00:00 ContainerStatus: Establishing user namespace if not established already.
2026-09-18T05:22:06.9318457+00:00 ContainerStatus: Establishing network if not established already.
2026-09-18T05:22:06.9319029+00:00 ContainerStatus: Mounting volumes.
2026-09-18T05:22:06.9320290+00:00 ContainerStatus: Nested mountpoint 
2026-09-18T05:22:06.9514079+00:00 ContainerStatus: Nested mountpoint volatile/logs
2026-09-18T05:22:07.0124178+00:00 ContainerStatus: Nested mountpoint 
2026-09-18T05:22:07.0129511+00:00 ContainerStatus: Nested mountpoint 
2026-09-18T05:22:07.0220645+00:00 ContainerStatus: Nested mountpoint 
2026-09-18T05:22:07.0342783+00:00 ContainerStatus: Nested mountpoint 
2026-09-18T05:22:08.3687948+00:00 ContainerStatus: State: Starting, Action: CreatingContainer, LastError: ContainerStartupFailure, LastErrorTimestamp: 09/18/2026 05:20:02, LastErrorDetails: Container exited with exit code 1 during startup after 41.2s. Please inspect your container logs for more details., Details: Finished pulling container image and mounting volumes for api-r2b-moksh. Allocatinng the rest of the container resources to finish container creation., DetailsLevel: INFO
2026-09-18T05:22:08.3689058+00:00 ContainerStatus: Creating container.
2026-09-18T05:22:08.3689525+00:00 ContainerStatus: Creating pipes for streaming container io.
2026-09-18T05:22:08.3690142+00:00 ContainerStatus: Creating stdout named pipe at /podr/container/pipe/6c3b94915b95_api-r2b-moksh/stdout_4de60a8c1b7841159bc5f75141ec5c45.
2026-09-18T05:22:08.3691752+00:00 ContainerStatus: Successfully created stdout named pipe at: /podr/container/pipe/6c3b94915b95_api-r2b-moksh/stdout_4de60a8c1b7841159bc5f75141ec5c45.
2026-09-18T05:22:08.3692092+00:00 ContainerStatus: Opening named pipe /podr/container/pipe/6c3b94915b95_api-r2b-moksh/stdout_4de60a8c1b7841159bc5f75141ec5c45 for reading in non-blocking mode.
2026-09-18T05:22:08.3692668+00:00 ContainerStatus: Successfully opened named pipe: /podr/container/pipe/6c3b94915b95_api-r2b-moksh/stdout_4de60a8c1b7841159bc5f75141ec5c45.
2026-09-18T05:22:08.3693081+00:00 ContainerStatus: Successfully removed non-blocking flag from /podr/container/pipe/6c3b94915b95_api-r2b-moksh/stdout_4de60a8c1b7841159bc5f75141ec5c45.
2026-09-18T05:22:08.3804486+00:00 ContainerStatus: Creating stderr named pipe at /podr/container/pipe/6c3b94915b95_api-r2b-moksh/stderr_c03662a52a5640eb8f4b8ddca027d750.
2026-09-18T05:22:08.3894265+00:00 ContainerStatus: Successfully created stderr named pipe at: /podr/container/pipe/6c3b94915b95_api-r2b-moksh/stderr_c03662a52a5640eb8f4b8ddca027d750.
2026-09-18T05:22:08.3896190+00:00 ContainerStatus: Opening named pipe /podr/container/pipe/6c3b94915b95_api-r2b-moksh/stderr_c03662a52a5640eb8f4b8ddca027d750 for reading in non-blocking mode.
2026-09-18T05:22:08.4093819+00:00 ContainerStatus: Successfully opened named pipe: /podr/container/pipe/6c3b94915b95_api-r2b-moksh/stderr_c03662a52a5640eb8f4b8ddca027d750.
2026-09-18T05:22:08.4095237+00:00 ContainerStatus: Successfully removed non-blocking flag from /podr/container/pipe/6c3b94915b95_api-r2b-moksh/stderr_c03662a52a5640eb8f4b8ddca027d750.
2026-09-18T05:22:08.4096199+00:00 ContainerStatus: Creating container with image: appsvc/python:3.12_20260910.3.tuxprod from registry: 10.1.0.5:13209 and fully qualified image name: 10.1.0.5:13209/appsvc/python:3.12_20260910.3.tuxprod
2026-09-18T05:22:09.6446253+00:00 ContainerStatus: Starting container: 6c3b94915b95_api-r2b-moksh.
2026-09-18T05:22:09.8222316+00:00 ContainerStatus: Starting watchers and probes.
2026-09-18T05:22:09.8226408+00:00 ContainerStatus: Starting metrics collection.
2026-09-18T05:22:09.8398235+00:00 ContainerStatus: Container is running.
2026-09-18T05:22:09.8399522+00:00 ContainerStatus: State: Starting, Action: CreatingContainer, LastError: ContainerStartupFailure, LastErrorTimestamp: 09/18/2026 05:20:02, LastErrorDetails: Container exited with exit code 1 during startup after 41.2s. Please inspect your container logs for more details., Details: Container api-r2b-moksh successfully created and is running., DetailsLevel: INFO
2026-09-18T05:22:10.2940629+00:00 ContainerStatus: Container start method finished after 3922 ms.
2026-09-18T05:22:10.2941936+00:00 ContainerStatus: State: Starting, Action: InitiatingSiteWarmUpProbe, LastError: ContainerStartupFailure, LastErrorTimestamp: 09/18/2026 05:20:02, LastErrorDetails: Container exited with exit code 1 during startup after 41.2s. Please inspect your container logs for more details., Details: Container api-r2b-moksh successfully created and is running., DetailsLevel: INFO
2026-09-18T05:22:10.2942145+00:00 ContainerStatus: State: Starting, Action: WaitingForSiteWarmUpProbeSuccess, LastError: ContainerStartupFailure, LastErrorTimestamp: 09/18/2026 05:20:02, LastErrorDetails: Container exited with exit code 1 during startup after 41.2s. Please inspect your container logs for more details., Details: Pinging warmup path to ensure container is ready to receive requests., DetailsLevel: INFO
2026-09-18T05:22:10.5816999+00:00 ContainerStream:    _____                               
2026-09-18T05:22:10.5817448+00:00 ContainerStream:   /  _  \ __________ _________   ____  
2026-09-18T05:22:10.5817477+00:00 ContainerStream:  /  /_\  \\___   /  |  \_  __ \_/ __ \ 
2026-09-18T05:22:10.5817497+00:00 ContainerStream: /    |    \/    /|  |  /|  | \/\  ___/ 
2026-09-18T05:22:10.5817518+00:00 ContainerStream: \____|__  /_____ \____/ |__|    \___  >
2026-09-18T05:22:10.5817636+00:00 ContainerStream:         \/      \/                  \/ 
2026-09-18T05:22:10.5817652+00:00 ContainerStream: A P P   S E R V I C E   O N   L I N U X
2026-09-18T05:22:10.5817664+00:00 ContainerStream: 
2026-09-18T05:22:10.5817678+00:00 ContainerStream: Documentation     : https://aka.ms/webapp-linux
2026-09-18T05:22:10.5817693+00:00 ContainerStream: Python quickstart : https://aka.ms/python-qs
2026-09-18T05:22:10.5817706+00:00 ContainerStream: Python version    : 3.12.13
2026-09-18T05:22:10.5817720+00:00 ContainerStream: Instance name     : lw1sdlwk0000XH
2026-09-18T05:22:10.5817738+00:00 ContainerStream: Instance id       : 171ec3c9695c928239cd2a33aaa77a41cdd8d87f623b348303044a8f83dcf651
2026-09-18T05:22:10.5817751+00:00 ContainerStream: 
2026-09-18T05:22:10.5817765+00:00 ContainerStream: App port          : 8000
2026-09-18T05:22:10.5817779+00:00 ContainerStream: Port selected by  : Default for this image
2026-09-18T05:22:10.5817796+00:00 ContainerStream: (Learn more about the PORT appsetting https://aka.ms/webapp-python-settings)
2026-09-18T05:22:10.5817808+00:00 ContainerStream: 
2026-09-18T05:22:10.5817822+00:00 ContainerStream: Note: Any data outside '/home' is not persisted
2026-09-18T05:22:10.5817851+00:00 ContainerStream: 
2026-09-18T05:22:10.5817880+00:00 ContainerStream: ────────────────────────────────────────────────────────────────
2026-09-18T05:22:10.5817899+00:00 ContainerStream:  Run 'apphelp' for available commands and aliases.
2026-09-18T05:22:10.5817914+00:00 ContainerStream:  Run 'install-nettools' to install networking utilities.
2026-09-18T05:22:10.5817938+00:00 ContainerStream: ────────────────────────────────────────────────────────────────
2026-09-18T05:22:27.6585379+00:00 ContainerStream: Starting OpenBSD Secure Shell server: sshd.
2026-09-18T05:22:27.7368270+00:00 ContainerStream: WEBSITES_INCLUDE_CLOUD_CERTS is not set to true.
2026-09-18T05:22:27.9568531+00:00 ContainerStream: Updating certificates in /etc/ssl/certs...
2026-09-18T05:22:49.9610640+00:00 ContainerStream: rehash: warning: skipping duplicate certificate in azl_SSL.com_TLS_ECC_Root_CA_2022.pem
2026-09-18T05:22:49.9709855+00:00 ContainerStream: rehash: warning: skipping duplicate certificate in azl_SSL.com_TLS_RSA_Root_CA_2022.pem
2026-09-18T05:22:50.2531874+00:00 ContainerStream: rehash: warning: skipping ca-certificates.crt,it does not contain exactly one certificate or CRL
2026-09-18T05:22:50.3036698+00:00 ContainerStream: 4 added, 0 removed; done.
2026-09-18T05:22:50.3121372+00:00 ContainerStream: Running hooks in /etc/ca-certificates/update.d...
2026-09-18T05:22:50.3412374+00:00 ContainerStream: done.
2026-09-18T05:22:50.3642006+00:00 ContainerStream: CA certificates copied and updated successfully.
2026-09-18T05:22:50.4951125+00:00 ContainerStream: Site's appCommandLine: python -m uvicorn backend.app.main:app --host 0.0.0.0 --port 8000
2026-09-18T05:22:50.8821922+00:00 ContainerStream: Starting periodic command scheduler: cron.
2026-09-18T05:22:50.8834472+00:00 ContainerStream: Launching oryx with: create-script -appPath /home/site/wwwroot -output /opt/startup/startup.sh -virtualEnvName antenv -defaultApp /opt/defaultsite -userStartupCommand 'python -m uvicorn backend.app.main:app --host 0.0.0.0 --port 8000'
2026-09-18T05:22:51.1240969+00:00 ContainerStream: Found build manifest file at '/home/site/wwwroot/oryx-manifest.toml'. Deserializing it...
2026-09-18T05:22:51.1553016+00:00 ContainerStream: Build Operation ID: 6e59e9e7ba075ab8
2026-09-18T05:22:51.1635449+00:00 ContainerStream: Oryx Version: 0.2.20260710.1, Commit: 079b5b6294eb97d462d8f96bfa3243e9b85251da, ReleaseTagName: 20260710.1
2026-09-18T05:22:51.1646619+00:00 ContainerStream: Output is compressed. Extracting it...
2026-09-18T05:22:51.1655273+00:00 ContainerStream: Found zstd-compressed tarball.
2026-09-18T05:22:51.1732576+00:00 ContainerStream: Extracting '/home/site/wwwroot/output.tar.zst' to directory '/tmp/8df15436a2b7f43'...
2026-09-18T05:22:51.1736836+00:00 ContainerStream: Using zstd for decompression of file: /home/site/wwwroot/output.tar.zst
2026-09-18T05:22:58.9784681+00:00 ContainerStream: zstd tar Successfully extracted '/home/site/wwwroot/output.tar.zst' to '/tmp/8df15436a2b7f43'
2026-09-18T05:22:58.9794092+00:00 ContainerStream: App path is set to '/tmp/8df15436a2b7f43'
2026-09-18T05:22:59.8242991+00:00 ContainerStream: Writing output script to '/opt/startup/startup.sh'
2026-09-18T05:23:00.1918500+00:00 ContainerStream: Using packages from virtual environment antenv located at /tmp/8df15436a2b7f43/antenv.
2026-09-18T05:23:00.1926536+00:00 ContainerStream: Updated PYTHONPATH to '/home/site/wwwroot:/home/site/wwwroot/backend:/opt/startup/app_logs:/tmp/8df15436a2b7f43/antenv/lib/python3.12/site-packages'
2026-09-18T05:23:00.9241043+00:00 ContainerStream: Traceback (most recent call last):
2026-09-18T05:23:00.9420817+00:00 ContainerStream:   File "<frozen runpy>", line 198, in _run_module_as_main
2026-09-18T05:23:00.9430150+00:00 ContainerStream:   File "<frozen runpy>", line 88, in _run_code
2026-09-18T05:23:00.9437487+00:00 ContainerStream:   File "/tmp/8df15436a2b7f43/antenv/lib/python3.12/site-packages/uvicorn/__main__.py", line 4, in <module>
2026-09-18T05:23:00.9446635+00:00 ContainerStream:     uvicorn.main()
2026-09-18T05:23:00.9524715+00:00 ContainerStream:   File "/tmp/8df15436a2b7f43/antenv/lib/python3.12/site-packages/click/core.py", line 1631, in __call__
2026-09-18T05:23:00.9535791+00:00 ContainerStream:     return self.main(*args, **kwargs)
2026-09-18T05:23:00.9542915+00:00 ContainerStream:            ^^^^^^^^^^^^^^^^^^^^^^^^^^
2026-09-18T05:23:00.9619823+00:00 ContainerStream:   File "/tmp/8df15436a2b7f43/antenv/lib/python3.12/site-packages/click/core.py", line 1552, in main
2026-09-18T05:23:00.9626412+00:00 ContainerStream:     rv = self.invoke(ctx)
2026-09-18T05:23:00.9633072+00:00 ContainerStream:          ^^^^^^^^^^^^^^^^
2026-09-18T05:23:00.9638895+00:00 ContainerStream:   File "/tmp/8df15436a2b7f43/antenv/lib/python3.12/site-packages/click/core.py", line 1415, in invoke
2026-09-18T05:23:00.9647483+00:00 ContainerStream:     return ctx.invoke(self.callback, **ctx.params)
2026-09-18T05:23:00.9724907+00:00 ContainerStream:            ^^^^^^^^^^^^^^^^^^^^^^^^^^^^^^^^^^^^^^^
2026-09-18T05:23:00.9731583+00:00 ContainerStream:   File "/tmp/8df15436a2b7f43/antenv/lib/python3.12/site-packages/click/core.py", line 910, in invoke
2026-09-18T05:23:00.9741110+00:00 ContainerStream:     return callback(*args, **kwargs)
2026-09-18T05:23:00.9747658+00:00 ContainerStream:            ^^^^^^^^^^^^^^^^^^^^^^^^^
2026-09-18T05:23:00.9826944+00:00 ContainerStream:   File "/tmp/8df15436a2b7f43/antenv/lib/python3.12/site-packages/uvicorn/main.py", line 448, in main
2026-09-18T05:23:00.9838225+00:00 ContainerStream:     run(
2026-09-18T05:23:00.9847401+00:00 ContainerStream:   File "/tmp/8df15436a2b7f43/antenv/lib/python3.12/site-packages/uvicorn/main.py", line 620, in run
2026-09-18T05:23:00.9925772+00:00 ContainerStream:     config.load_app()
2026-09-18T05:23:00.9929865+00:00 ContainerStream:   File "/tmp/8df15436a2b7f43/antenv/lib/python3.12/site-packages/uvicorn/config.py", line 434, in load_app
2026-09-18T05:23:00.9934012+00:00 ContainerStream:     return import_from_string(self.app)
2026-09-18T05:23:00.9936733+00:00 ContainerStream:            ^^^^^^^^^^^^^^^^^^^^^^^^^^^^
2026-09-18T05:23:00.9938853+00:00 ContainerStream:   File "/tmp/8df15436a2b7f43/antenv/lib/python3.12/site-packages/uvicorn/importer.py", line 22, in import_from_string
2026-09-18T05:23:00.9942845+00:00 ContainerStream:     raise exc from None
2026-09-18T05:23:00.9945553+00:00 ContainerStream:   File "/tmp/8df15436a2b7f43/antenv/lib/python3.12/site-packages/uvicorn/importer.py", line 19, in import_from_string
2026-09-18T05:23:00.9948673+00:00 ContainerStream:     module = importlib.import_module(module_str)
2026-09-18T05:23:01.0018139+00:00 ContainerStream:              ^^^^^^^^^^^^^^^^^^^^^^^^^^^^^^^^^^^
2026-09-18T05:23:01.0023299+00:00 ContainerStream:   File "/opt/python/3.12.13/lib/python3.12/importlib/__init__.py", line 90, in import_module
2026-09-18T05:23:01.0032786+00:00 ContainerStream:     return _bootstrap._gcd_import(name[level:], package, level)
2026-09-18T05:23:01.0036202+00:00 ContainerStream:            ^^^^^^^^^^^^^^^^^^^^^^^^^^^^^^^^^^^^^^^^^^^^^^^^^^^^
2026-09-18T05:23:01.0038471+00:00 ContainerStream:   File "<frozen importlib._bootstrap>", line 1387, in _gcd_import
2026-09-18T05:23:01.0040537+00:00 ContainerStream:   File "<frozen importlib._bootstrap>", line 1360, in _find_and_load
2026-09-18T05:23:01.0042592+00:00 ContainerStream:   File "<frozen importlib._bootstrap>", line 1310, in _find_and_load_unlocked
2026-09-18T05:23:01.0044584+00:00 ContainerStream:   File "<frozen importlib._bootstrap>", line 488, in _call_with_frames_removed
2026-09-18T05:23:01.0046558+00:00 ContainerStream:   File "<frozen importlib._bootstrap>", line 1387, in _gcd_import
2026-09-18T05:23:01.0048703+00:00 ContainerStream:   File "<frozen importlib._bootstrap>", line 1360, in _find_and_load
2026-09-18T05:23:01.0050716+00:00 ContainerStream:   File "<frozen importlib._bootstrap>", line 1310, in _find_and_load_unlocked
2026-09-18T05:23:01.0052660+00:00 ContainerStream:   File "<frozen importlib._bootstrap>", line 488, in _call_with_frames_removed
2026-09-18T05:23:01.0054710+00:00 ContainerStream:   File "<frozen importlib._bootstrap>", line 1387, in _gcd_import
2026-09-18T05:23:01.0148785+00:00 ContainerStream:   File "<frozen importlib._bootstrap>", line 1360, in _find_and_load
2026-09-18T05:23:01.0149010+00:00 ContainerStream:   File "<frozen importlib._bootstrap>", line 1324, in _find_and_load_unlocked
2026-09-18T05:23:01.0149030+00:00 ContainerStream: ModuleNotFoundError: No module named 'backend'
2026-09-18T05:23:01.2174650+00:00 ContainerStatus: Container has finished running with exit code: 1.
2026-09-18T05:23:01.2254812+00:00 ContainerStatus: Container is terminating. Grace period: 5 seconds.
2026-09-18T05:23:01.2368961+00:00 ContainerStatus: Stop and delete container. Retry count = 0
2026-09-18T05:23:01.2441067+00:00 ContainerStatus: Stopping container: 6c3b94915b95_api-r2b-moksh.
2026-09-18T05:23:01.6175294+00:00 ContainerStatus: Deleting container: 6c3b94915b95_api-r2b-moksh. Retry count = 0
2026-09-18T05:23:02.4198131+00:00 ContainerStatus: Container spec TerminationMessagePolicy  path 
2026-09-18T05:23:02.4283569+00:00 ContainerStatus: Container is terminated. Total time elapsed: 1200 ms.
2026-09-18T05:23:02.4294184+00:00 ContainerStatus: Site container: api-r2b-moksh terminated during site startup.
2026-09-18T05:23:02.4330185+00:00 ContainerStatus: State: Stopping, Action: CancellingStartup, LastError: ContainerStartupFailure, LastErrorTimestamp: 09/18/2026 05:20:02, LastErrorDetails: Container exited with exit code 1 during startup after 41.2s. Please inspect your container logs for more details., Details: Site container: api-r2b-moksh terminated during site startup. Cancelling site startup., DetailsLevel: ERR
2026-09-18T05:23:02.5100744+00:00 ContainerStatus: Site startup probe failed after 52.1807134 seconds.
2026-09-18T05:23:02.6927986+00:00 ContainerStatus: State: Stopping, Action: CancellingStartup, LastError: ContainerStartupFailure, LastErrorTimestamp: 09/18/2026 05:23:02, LastErrorDetails: Container exited with exit code 1 during startup after 52.6s. Please inspect your container logs for more details., Details: Site container: api-r2b-moksh terminated during site startup. Cancelling site startup., DetailsLevel: ERR
2026-09-18T05:23:02.7519035+00:00 ContainerStatus: Failed to start site. Revert by stopping site.
2026-09-18T05:23:02.7531518+00:00 ContainerStatus: State: Stopping, Action: StoppingSite, LastError: ContainerStartupFailure, LastErrorTimestamp: 09/18/2026 05:23:02, LastErrorDetails: Container exited with exit code 1 during startup after 52.6s. Please inspect your container logs for more details., Details: Site container: api-r2b-moksh terminated during site startup. Cancelling site startup., DetailsLevel: ERR
2026-09-18T05:23:02.7720442+00:00 ContainerStatus: State: Stopping, Action: StoppingSiteContainers, LastError: ContainerStartupFailure, LastErrorTimestamp: 09/18/2026 05:23:02, LastErrorDetails: Container exited with exit code 1 during startup after 52.6s. Please inspect your container logs for more details., Details: Site container: api-r2b-moksh terminated during site startup. Cancelling site startup., DetailsLevel: ERR
2026-09-18T05:23:02.7720947+00:00 ContainerStatus: Site: api-r2b-moksh stopped.
========== New Cold Start Attempt (2026-09-18T05:35:26.6945310+00:00) ==========
2026-09-18T05:35:26.6945310+00:00 ContainerStatus: State: Starting, Action: EstablishingSiteNetworks, LastError: ContainerStartupFailure, LastErrorTimestamp: 09/18/2026 05:23:02, LastErrorDetails: Container exited with exit code 1 during startup after 52.6s. Please inspect your container logs for more details., Details: Site is blocked due to multiple, consecutive cold start failures. Site scheduled to be unblocked at 09/18/2026 05:25:03, DetailsLevel: WARN
2026-09-18T05:35:29.6386272+00:00 ContainerStatus: State: Starting, Action: StartingSiteContainers, LastError: ContainerStartupFailure, LastErrorTimestamp: 09/18/2026 05:23:02, LastErrorDetails: Container exited with exit code 1 during startup after 52.6s. Please inspect your container logs for more details., Details: Site is blocked due to multiple, consecutive cold start failures. Site scheduled to be unblocked at 09/18/2026 05:25:03, DetailsLevel: WARN
2026-09-18T05:35:29.6388204+00:00 ContainerStatus: Container start method called.
2026-09-18T05:35:29.6389030+00:00 ContainerStatus: State: Starting, Action: PullingImage, LastError: ContainerStartupFailure, LastErrorTimestamp: 09/18/2026 05:23:02, LastErrorDetails: Container exited with exit code 1 during startup after 52.6s. Please inspect your container logs for more details., Details: Pulling image 10.1.0.5:13209/appsvc/python:3.12_20260910.3.tuxprod for api-r2b-moksh., DetailsLevel: INFO
2026-09-18T05:35:29.6389839+00:00 ContainerStatus: Establishing network.
2026-09-18T05:35:29.6395774+00:00 ContainerStatus: Pulling image: appsvc/python:3.12_20260910.3.tuxprod.
2026-09-18T05:35:30.3633303+00:00 ContainerStatus: Container is starting.
2026-09-18T05:35:30.3638814+00:00 ContainerStatus: State: Starting, Action: MountingVolumes, LastError: ContainerStartupFailure, LastErrorTimestamp: 09/18/2026 05:23:02, LastErrorDetails: Container exited with exit code 1 during startup after 52.6s. Please inspect your container logs for more details., Details: Mounting volumes for api-r2b-moksh., DetailsLevel: INFO
2026-09-18T05:35:30.3642379+00:00 ContainerStatus: Establishing user namespace if not established already.
2026-09-18T05:35:30.3645888+00:00 ContainerStatus: Establishing network if not established already.
2026-09-18T05:35:30.3844146+00:00 ContainerStatus: Mounting volumes.
2026-09-18T05:35:30.3924170+00:00 ContainerStatus: Nested mountpoint 
2026-09-18T05:35:30.4239560+00:00 ContainerStatus: Nested mountpoint volatile/logs
2026-09-18T05:35:30.5231133+00:00 ContainerStatus: Nested mountpoint 
2026-09-18T05:35:30.5726044+00:00 ContainerStatus: Nested mountpoint 
2026-09-18T05:35:30.5926703+00:00 ContainerStatus: Nested mountpoint 
2026-09-18T05:35:30.5938812+00:00 ContainerStatus: Nested mountpoint 
2026-09-18T05:35:31.1772249+00:00 ContainerStatus: State: Starting, Action: CreatingContainer, LastError: ContainerStartupFailure, LastErrorTimestamp: 09/18/2026 05:23:02, LastErrorDetails: Container exited with exit code 1 during startup after 52.6s. Please inspect your container logs for more details., Details: Finished pulling container image and mounting volumes for api-r2b-moksh. Allocatinng the rest of the container resources to finish container creation., DetailsLevel: INFO
2026-09-18T05:35:31.1773413+00:00 ContainerStatus: Creating container.
2026-09-18T05:35:31.1774129+00:00 ContainerStatus: Creating pipes for streaming container io.
2026-09-18T05:35:31.1775749+00:00 ContainerStatus: Creating stdout named pipe at /podr/container/pipe/df6bc46919b9_api-r2b-moksh/stdout_c4714f1ce4994f488d415b822c116208.
2026-09-18T05:35:31.2167793+00:00 ContainerStatus: Successfully created stdout named pipe at: /podr/container/pipe/df6bc46919b9_api-r2b-moksh/stdout_c4714f1ce4994f488d415b822c116208.
2026-09-18T05:35:31.2168777+00:00 ContainerStatus: Opening named pipe /podr/container/pipe/df6bc46919b9_api-r2b-moksh/stdout_c4714f1ce4994f488d415b822c116208 for reading in non-blocking mode.
2026-09-18T05:35:31.2169679+00:00 ContainerStatus: Successfully opened named pipe: /podr/container/pipe/df6bc46919b9_api-r2b-moksh/stdout_c4714f1ce4994f488d415b822c116208.
2026-09-18T05:35:31.2170308+00:00 ContainerStatus: Successfully removed non-blocking flag from /podr/container/pipe/df6bc46919b9_api-r2b-moksh/stdout_c4714f1ce4994f488d415b822c116208.
2026-09-18T05:35:31.2473149+00:00 ContainerStatus: Creating stderr named pipe at /podr/container/pipe/df6bc46919b9_api-r2b-moksh/stderr_ce8b74e6d2094ef1ba234b9d41e04841.
2026-09-18T05:35:31.2582950+00:00 ContainerStatus: Successfully created stderr named pipe at: /podr/container/pipe/df6bc46919b9_api-r2b-moksh/stderr_ce8b74e6d2094ef1ba234b9d41e04841.
2026-09-18T05:35:31.2584059+00:00 ContainerStatus: Opening named pipe /podr/container/pipe/df6bc46919b9_api-r2b-moksh/stderr_ce8b74e6d2094ef1ba234b9d41e04841 for reading in non-blocking mode.
2026-09-18T05:35:31.2585136+00:00 ContainerStatus: Successfully opened named pipe: /podr/container/pipe/df6bc46919b9_api-r2b-moksh/stderr_ce8b74e6d2094ef1ba234b9d41e04841.
2026-09-18T05:35:31.2585809+00:00 ContainerStatus: Successfully removed non-blocking flag from /podr/container/pipe/df6bc46919b9_api-r2b-moksh/stderr_ce8b74e6d2094ef1ba234b9d41e04841.
2026-09-18T05:35:31.3065034+00:00 ContainerStatus: Creating container with image: appsvc/python:3.12_20260910.3.tuxprod from registry: 10.1.0.5:13209 and fully qualified image name: 10.1.0.5:13209/appsvc/python:3.12_20260910.3.tuxprod
2026-09-18T05:35:32.8377137+00:00 ContainerStatus: Starting container: df6bc46919b9_api-r2b-moksh.
2026-09-18T05:35:32.9454420+00:00 ContainerStatus: Starting watchers and probes.
2026-09-18T05:35:32.9469982+00:00 ContainerStatus: Starting metrics collection.
2026-09-18T05:35:32.9476796+00:00 ContainerStatus: Container is running.
2026-09-18T05:35:32.9552542+00:00 ContainerStatus: State: Starting, Action: CreatingContainer, LastError: ContainerStartupFailure, LastErrorTimestamp: 09/18/2026 05:23:02, LastErrorDetails: Container exited with exit code 1 during startup after 52.6s. Please inspect your container logs for more details., Details: Container api-r2b-moksh successfully created and is running., DetailsLevel: INFO
2026-09-18T05:35:33.2794427+00:00 ContainerStatus: Container start method finished after 3590 ms.
2026-09-18T05:35:33.2798209+00:00 ContainerStatus: State: Starting, Action: InitiatingSiteWarmUpProbe, LastError: ContainerStartupFailure, LastErrorTimestamp: 09/18/2026 05:23:02, LastErrorDetails: Container exited with exit code 1 during startup after 52.6s. Please inspect your container logs for more details., Details: Container api-r2b-moksh successfully created and is running., DetailsLevel: INFO
2026-09-18T05:35:33.2886658+00:00 ContainerStatus: State: Starting, Action: WaitingForSiteWarmUpProbeSuccess, LastError: ContainerStartupFailure, LastErrorTimestamp: 09/18/2026 05:23:02, LastErrorDetails: Container exited with exit code 1 during startup after 52.6s. Please inspect your container logs for more details., Details: Pinging warmup path to ensure container is ready to receive requests., DetailsLevel: INFO
2026-09-18T05:35:33.4995420+00:00 ContainerStream:    _____                               
2026-09-18T05:35:33.5005521+00:00 ContainerStream:   /  _  \ __________ _________   ____  
2026-09-18T05:35:33.5005661+00:00 ContainerStream:  /  /_\  \\___   /  |  \_  __ \_/ __ \ 
2026-09-18T05:35:33.5005683+00:00 ContainerStream: /    |    \/    /|  |  /|  | \/\  ___/ 
2026-09-18T05:35:33.5005701+00:00 ContainerStream: \____|__  /_____ \____/ |__|    \___  >
2026-09-18T05:35:33.5005727+00:00 ContainerStream:         \/      \/                  \/ 
2026-09-18T05:35:33.5005747+00:00 ContainerStream: A P P   S E R V I C E   O N   L I N U X
2026-09-18T05:35:33.5005796+00:00 ContainerStream: 
2026-09-18T05:35:33.5005827+00:00 ContainerStream: Documentation     : https://aka.ms/webapp-linux
2026-09-18T05:35:33.5005847+00:00 ContainerStream: Python quickstart : https://aka.ms/python-qs
2026-09-18T05:35:33.5005866+00:00 ContainerStream: Python version    : 3.12.13
2026-09-18T05:35:33.5005926+00:00 ContainerStream: Instance name     : lw1sdlwk0000XH
2026-09-18T05:35:33.5005953+00:00 ContainerStream: Instance id       : 171ec3c9695c928239cd2a33aaa77a41cdd8d87f623b348303044a8f83dcf651
2026-09-18T05:35:33.5005970+00:00 ContainerStream: 
2026-09-18T05:35:33.5005987+00:00 ContainerStream: App port          : 8000
2026-09-18T05:35:33.5006021+00:00 ContainerStream: Port selected by  : Default for this image
2026-09-18T05:35:33.5006117+00:00 ContainerStream: (Learn more about the PORT appsetting https://aka.ms/webapp-python-settings)
2026-09-18T05:35:33.5006136+00:00 ContainerStream: 
2026-09-18T05:35:33.5006156+00:00 ContainerStream: Note: Any data outside '/home' is not persisted
2026-09-18T05:35:33.5006172+00:00 ContainerStream: 
2026-09-18T05:35:33.5006205+00:00 ContainerStream: ────────────────────────────────────────────────────────────────
2026-09-18T05:35:33.5006244+00:00 ContainerStream:  Run 'apphelp' for available commands and aliases.
2026-09-18T05:35:33.5006263+00:00 ContainerStream:  Run 'install-nettools' to install networking utilities.
2026-09-18T05:35:33.5006292+00:00 ContainerStream: ────────────────────────────────────────────────────────────────
2026-09-18T05:35:37.9118947+00:00 ContainerStream: Starting OpenBSD Secure Shell server: sshd.
2026-09-18T05:35:37.9335987+00:00 ContainerStream: WEBSITES_INCLUDE_CLOUD_CERTS is not set to true.
2026-09-18T05:35:38.0150110+00:00 ContainerStream: Updating certificates in /etc/ssl/certs...
2026-09-18T05:35:59.2219493+00:00 ContainerStream: rehash: warning: skipping duplicate certificate in azl_SSL.com_TLS_ECC_Root_CA_2022.pem
2026-09-18T05:35:59.2232535+00:00 ContainerStream: rehash: warning: skipping duplicate certificate in azl_SSL.com_TLS_RSA_Root_CA_2022.pem
2026-09-18T05:35:59.5143884+00:00 ContainerStream: rehash: warning: skipping ca-certificates.crt,it does not contain exactly one certificate or CRL
2026-09-18T05:35:59.5639154+00:00 ContainerStream: 4 added, 0 removed; done.
2026-09-18T05:35:59.5649385+00:00 ContainerStream: Running hooks in /etc/ca-certificates/update.d...
2026-09-18T05:35:59.5848666+00:00 ContainerStream: done.
2026-09-18T05:35:59.6144575+00:00 ContainerStream: CA certificates copied and updated successfully.
2026-09-18T05:35:59.7554279+00:00 ContainerStream: Site's appCommandLine: python -m uvicorn main:app --host 0.0.0.0 --port 8000
2026-09-18T05:36:00.2678476+00:00 ContainerStream: Starting periodic command scheduler: cron.
2026-09-18T05:36:00.2679142+00:00 ContainerStream: Launching oryx with: create-script -appPath /home/site/wwwroot -output /opt/startup/startup.sh -virtualEnvName antenv -defaultApp /opt/defaultsite -userStartupCommand 'python -m uvicorn main:app --host 0.0.0.0 --port 8000'
2026-09-18T05:36:00.6190756+00:00 ContainerStream: Found build manifest file at '/home/site/wwwroot/oryx-manifest.toml'. Deserializing it...
2026-09-18T05:36:00.6293520+00:00 ContainerStream: Build Operation ID: 55410c74a3e3c0d8
2026-09-18T05:36:00.6306723+00:00 ContainerStream: Oryx Version: 0.2.20260710.1, Commit: 079b5b6294eb97d462d8f96bfa3243e9b85251da, ReleaseTagName: 20260710.1
2026-09-18T05:36:00.6381571+00:00 ContainerStream: Output is compressed. Extracting it...
2026-09-18T05:36:00.6501705+00:00 ContainerStream: Found zstd-compressed tarball.
2026-09-18T05:36:00.6600116+00:00 ContainerStream: Extracting '/home/site/wwwroot/output.tar.zst' to directory '/tmp/8df15465cfa6559'...
2026-09-18T05:36:00.6791210+00:00 ContainerStream: Using zstd for decompression of file: /home/site/wwwroot/output.tar.zst
2026-09-18T05:36:10.8709966+00:00 ContainerStream: zstd tar Successfully extracted '/home/site/wwwroot/output.tar.zst' to '/tmp/8df15465cfa6559'
2026-09-18T05:36:10.8791918+00:00 ContainerStream: App path is set to '/tmp/8df15465cfa6559'
2026-09-18T05:36:11.7218354+00:00 ContainerStream: Writing output script to '/opt/startup/startup.sh'
2026-09-18T05:36:12.0814025+00:00 ContainerStream: Using packages from virtual environment antenv located at /tmp/8df15465cfa6559/antenv.
2026-09-18T05:36:12.0823720+00:00 ContainerStream: Updated PYTHONPATH to '/home/site/wwwroot:/home/site/wwwroot/backend:/opt/startup/app_logs:/tmp/8df15465cfa6559/antenv/lib/python3.12/site-packages'
2026-09-18T05:36:12.8998122+00:00 ContainerStream: Traceback (most recent call last):
2026-09-18T05:36:12.9071436+00:00 ContainerStream:   File "<frozen runpy>", line 198, in _run_module_as_main
2026-09-18T05:36:12.9074349+00:00 ContainerStream:   File "<frozen runpy>", line 88, in _run_code
2026-09-18T05:36:12.9076609+00:00 ContainerStream:   File "/tmp/8df15465cfa6559/antenv/lib/python3.12/site-packages/uvicorn/__main__.py", line 4, in <module>
2026-09-18T05:36:12.9081564+00:00 ContainerStream:     uvicorn.main()
2026-09-18T05:36:12.9084743+00:00 ContainerStream:   File "/tmp/8df15465cfa6559/antenv/lib/python3.12/site-packages/click/core.py", line 1631, in __call__
2026-09-18T05:36:12.9090733+00:00 ContainerStream:     return self.main(*args, **kwargs)
2026-09-18T05:36:12.9094686+00:00 ContainerStream:            ^^^^^^^^^^^^^^^^^^^^^^^^^^
2026-09-18T05:36:12.9283563+00:00 ContainerStream:   File "/tmp/8df15465cfa6559/antenv/lib/python3.12/site-packages/click/core.py", line 1552, in main
2026-09-18T05:36:12.9284159+00:00 ContainerStream:     rv = self.invoke(ctx)
2026-09-18T05:36:12.9284198+00:00 ContainerStream:          ^^^^^^^^^^^^^^^^
2026-09-18T05:36:12.9284225+00:00 ContainerStream:   File "/tmp/8df15465cfa6559/antenv/lib/python3.12/site-packages/click/core.py", line 1415, in invoke
2026-09-18T05:36:12.9284246+00:00 ContainerStream:     return ctx.invoke(self.callback, **ctx.params)
2026-09-18T05:36:12.9284265+00:00 ContainerStream:            ^^^^^^^^^^^^^^^^^^^^^^^^^^^^^^^^^^^^^^^
2026-09-18T05:36:12.9284288+00:00 ContainerStream:   File "/tmp/8df15465cfa6559/antenv/lib/python3.12/site-packages/click/core.py", line 910, in invoke
2026-09-18T05:36:12.9284407+00:00 ContainerStream:     return callback(*args, **kwargs)
2026-09-18T05:36:12.9284426+00:00 ContainerStream:            ^^^^^^^^^^^^^^^^^^^^^^^^^
2026-09-18T05:36:12.9284448+00:00 ContainerStream:   File "/tmp/8df15465cfa6559/antenv/lib/python3.12/site-packages/uvicorn/main.py", line 448, in main
2026-09-18T05:36:12.9284465+00:00 ContainerStream:     run(
2026-09-18T05:36:12.9284486+00:00 ContainerStream:   File "/tmp/8df15465cfa6559/antenv/lib/python3.12/site-packages/uvicorn/main.py", line 620, in run
2026-09-18T05:36:12.9284503+00:00 ContainerStream:     config.load_app()
2026-09-18T05:36:12.9284524+00:00 ContainerStream:   File "/tmp/8df15465cfa6559/antenv/lib/python3.12/site-packages/uvicorn/config.py", line 434, in load_app
2026-09-18T05:36:12.9284561+00:00 ContainerStream:     return import_from_string(self.app)
2026-09-18T05:36:12.9284578+00:00 ContainerStream:            ^^^^^^^^^^^^^^^^^^^^^^^^^^^^
2026-09-18T05:36:12.9284600+00:00 ContainerStream:   File "/tmp/8df15465cfa6559/antenv/lib/python3.12/site-packages/uvicorn/importer.py", line 22, in import_from_string
2026-09-18T05:36:12.9284619+00:00 ContainerStream:     raise exc from None
2026-09-18T05:36:12.9284641+00:00 ContainerStream:   File "/tmp/8df15465cfa6559/antenv/lib/python3.12/site-packages/uvicorn/importer.py", line 19, in import_from_string
2026-09-18T05:36:12.9284660+00:00 ContainerStream:     module = importlib.import_module(module_str)
2026-09-18T05:36:12.9284694+00:00 ContainerStream:              ^^^^^^^^^^^^^^^^^^^^^^^^^^^^^^^^^^^
2026-09-18T05:36:12.9284716+00:00 ContainerStream:   File "/opt/python/3.12.13/lib/python3.12/importlib/__init__.py", line 90, in import_module
2026-09-18T05:36:12.9568179+00:00 ContainerStream:     return _bootstrap._gcd_import(name[level:], package, level)
2026-09-18T05:36:12.9568468+00:00 ContainerStream:            ^^^^^^^^^^^^^^^^^^^^^^^^^^^^^^^^^^^^^^^^^^^^^^^^^^^^
2026-09-18T05:36:12.9568500+00:00 ContainerStream:   File "<frozen importlib._bootstrap>", line 1387, in _gcd_import
2026-09-18T05:36:12.9568521+00:00 ContainerStream:   File "<frozen importlib._bootstrap>", line 1360, in _find_and_load
2026-09-18T05:36:12.9568545+00:00 ContainerStream:   File "<frozen importlib._bootstrap>", line 1331, in _find_and_load_unlocked
2026-09-18T05:36:12.9568589+00:00 ContainerStream:   File "<frozen importlib._bootstrap>", line 935, in _load_unlocked
2026-09-18T05:36:12.9568610+00:00 ContainerStream:   File "<frozen importlib._bootstrap_external>", line 999, in exec_module
2026-09-18T05:36:12.9568630+00:00 ContainerStream:   File "<frozen importlib._bootstrap>", line 488, in _call_with_frames_removed
2026-09-18T05:36:12.9568649+00:00 ContainerStream:   File "/tmp/8df15465cfa6559/main.py", line 11, in <module>
2026-09-18T05:36:12.9568668+00:00 ContainerStream:     from backend.app.main import app  # noqa: E402
2026-09-18T05:36:12.9568687+00:00 ContainerStream:     ^^^^^^^^^^^^^^^^^^^^^^^^^^^^^^^^
2026-09-18T05:36:12.9568706+00:00 ContainerStream: ModuleNotFoundError: No module named 'backend'
2026-09-18T05:36:13.3406021+00:00 ContainerStatus: Container has finished running with exit code: 1.
2026-09-18T05:36:13.3406693+00:00 ContainerStatus: Container is terminating. Grace period: 5 seconds.
2026-09-18T05:36:13.3621791+00:00 ContainerStatus: Stop and delete container. Retry count = 0
2026-09-18T05:36:13.3622704+00:00 ContainerStatus: Stopping container: df6bc46919b9_api-r2b-moksh.
2026-09-18T05:36:13.4718829+00:00 ContainerStatus: Deleting container: df6bc46919b9_api-r2b-moksh. Retry count = 0
2026-09-18T05:36:14.3472281+00:00 ContainerStatus: Container spec TerminationMessagePolicy  path 
2026-09-18T05:36:14.3651740+00:00 ContainerStatus: Container is terminated. Total time elapsed: 1008 ms.
2026-09-18T05:36:14.3663879+00:00 ContainerStatus: Site container: api-r2b-moksh terminated during site startup.
2026-09-18T05:36:14.3751666+00:00 ContainerStatus: State: Stopping, Action: CancellingStartup, LastError: ContainerStartupFailure, LastErrorTimestamp: 09/18/2026 05:23:02, LastErrorDetails: Container exited with exit code 1 during startup after 52.6s. Please inspect your container logs for more details., Details: Site container: api-r2b-moksh terminated during site startup. Cancelling site startup., DetailsLevel: ERR
2026-09-18T05:36:14.5049270+00:00 ContainerStatus: Site startup probe failed after 41.198229 seconds.
2026-09-18T05:36:14.7482451+00:00 ContainerStatus: State: Stopping, Action: CancellingStartup, LastError: ContainerStartupFailure, LastErrorTimestamp: 09/18/2026 05:36:14, LastErrorDetails: Container exited with exit code 1 during startup after 41.4s. Please inspect your container logs for more details., Details: Site container: api-r2b-moksh terminated during site startup. Cancelling site startup., DetailsLevel: ERR
2026-09-18T05:36:14.8068833+00:00 ContainerStatus: Failed to start site. Revert by stopping site.
2026-09-18T05:36:14.8182071+00:00 ContainerStatus: State: Stopping, Action: StoppingSite, LastError: ContainerStartupFailure, LastErrorTimestamp: 09/18/2026 05:36:14, LastErrorDetails: Container exited with exit code 1 during startup after 41.4s. Please inspect your container logs for more details., Details: Site container: api-r2b-moksh terminated during site startup. Cancelling site startup., DetailsLevel: ERR
2026-09-18T05:36:14.8197815+00:00 ContainerStatus: State: Stopping, Action: StoppingSiteContainers, LastError: ContainerStartupFailure, LastErrorTimestamp: 09/18/2026 05:36:14, LastErrorDetails: Container exited with exit code 1 during startup after 41.4s. Please inspect your container logs for more details., Details: Site container: api-r2b-moksh terminated during site startup. Cancelling site startup., DetailsLevel: ERR
2026-09-18T05:36:14.8198074+00:00 ContainerStatus: Site: api-r2b-moksh stopped.
========== New Cold Start Attempt (2026-09-18T05:43:28.7151785+00:00) ==========
2026-09-18T05:43:28.7151785+00:00 ContainerStatus: State: Starting, Action: EstablishingSiteNetworks, LastError: ContainerStartupFailure, LastErrorTimestamp: 09/18/2026 05:36:14, LastErrorDetails: Container exited with exit code 1 during startup after 41.4s. Please inspect your container logs for more details., Details: Site stopped at 09/18/2026 05:36:15 (UTC), DetailsLevel: ERR
2026-09-18T05:43:33.1886977+00:00 ContainerStatus: State: Starting, Action: StartingSiteContainers, LastError: ContainerStartupFailure, LastErrorTimestamp: 09/18/2026 05:36:14, LastErrorDetails: Container exited with exit code 1 during startup after 41.4s. Please inspect your container logs for more details., Details: Site stopped at 09/18/2026 05:36:15 (UTC), DetailsLevel: ERR
2026-09-18T05:43:33.1887571+00:00 ContainerStatus: Container start method called.
2026-09-18T05:43:33.1887904+00:00 ContainerStatus: State: Starting, Action: PullingImage, LastError: ContainerStartupFailure, LastErrorTimestamp: 09/18/2026 05:36:14, LastErrorDetails: Container exited with exit code 1 during startup after 41.4s. Please inspect your container logs for more details., Details: Pulling image 10.1.0.4:13209/appsvc/python:3.12_20260910.3.tuxprod for api-r2b-moksh., DetailsLevel: INFO
2026-09-18T05:43:33.1888415+00:00 ContainerStatus: Establishing network.
2026-09-18T05:43:33.1888919+00:00 ContainerStatus: Pulling image: appsvc/python:3.12_20260910.3.tuxprod.
2026-09-18T05:43:33.6715072+00:00 ContainerStatus: Image appsvc/python:3.12_20260910.3.tuxprod is pulled from registry 10.1.0.4:13209
2026-09-18T05:43:33.6718052+00:00 ContainerStatus: Container is starting.
2026-09-18T05:43:33.6719109+00:00 ContainerStatus: State: Starting, Action: MountingVolumes, LastError: ContainerStartupFailure, LastErrorTimestamp: 09/18/2026 05:36:14, LastErrorDetails: Container exited with exit code 1 during startup after 41.4s. Please inspect your container logs for more details., Details: Mounting volumes for api-r2b-moksh., DetailsLevel: INFO
2026-09-18T05:43:33.6726403+00:00 ContainerStatus: Establishing user namespace if not established already.
2026-09-18T05:43:33.6727395+00:00 ContainerStatus: Establishing network if not established already.
2026-09-18T05:43:33.6817535+00:00 ContainerStatus: Mounting volumes.
2026-09-18T05:43:33.6823513+00:00 ContainerStatus: Nested mountpoint 
2026-09-18T05:43:33.7421980+00:00 ContainerStatus: Nested mountpoint volatile/logs
2026-09-18T05:43:33.7721194+00:00 ContainerStatus: Nested mountpoint 
2026-09-18T05:43:33.7726271+00:00 ContainerStatus: Nested mountpoint 
2026-09-18T05:43:33.8304195+00:00 ContainerStatus: Nested mountpoint 
2026-09-18T05:43:33.8414579+00:00 ContainerStatus: Nested mountpoint 
2026-09-18T05:43:34.3231795+00:00 ContainerStatus: State: Starting, Action: CreatingContainer, LastError: ContainerStartupFailure, LastErrorTimestamp: 09/18/2026 05:36:14, LastErrorDetails: Container exited with exit code 1 during startup after 41.4s. Please inspect your container logs for more details., Details: Finished pulling container image and mounting volumes for api-r2b-moksh. Allocatinng the rest of the container resources to finish container creation., DetailsLevel: INFO
2026-09-18T05:43:34.3233108+00:00 ContainerStatus: Creating container.
2026-09-18T05:43:34.3233946+00:00 ContainerStatus: Creating pipes for streaming container io.
2026-09-18T05:43:34.3234618+00:00 ContainerStatus: Creating stdout named pipe at /podr/container/pipe/9d9fb058fb9e_api-r2b-moksh/stdout_e2c36690be04477fb9ede05993b4d9dd.
2026-09-18T05:43:34.3239628+00:00 ContainerStatus: Successfully created stdout named pipe at: /podr/container/pipe/9d9fb058fb9e_api-r2b-moksh/stdout_e2c36690be04477fb9ede05993b4d9dd.
2026-09-18T05:43:34.3240420+00:00 ContainerStatus: Opening named pipe /podr/container/pipe/9d9fb058fb9e_api-r2b-moksh/stdout_e2c36690be04477fb9ede05993b4d9dd for reading in non-blocking mode.
2026-09-18T05:43:34.3241245+00:00 ContainerStatus: Successfully opened named pipe: /podr/container/pipe/9d9fb058fb9e_api-r2b-moksh/stdout_e2c36690be04477fb9ede05993b4d9dd.
2026-09-18T05:43:34.3241854+00:00 ContainerStatus: Successfully removed non-blocking flag from /podr/container/pipe/9d9fb058fb9e_api-r2b-moksh/stdout_e2c36690be04477fb9ede05993b4d9dd.
2026-09-18T05:43:34.3243269+00:00 ContainerStatus: Creating stderr named pipe at /podr/container/pipe/9d9fb058fb9e_api-r2b-moksh/stderr_2af4188ded154b33ac92ddc335173f96.
2026-09-18T05:43:34.3244296+00:00 ContainerStatus: Successfully created stderr named pipe at: /podr/container/pipe/9d9fb058fb9e_api-r2b-moksh/stderr_2af4188ded154b33ac92ddc335173f96.
2026-09-18T05:43:34.3244923+00:00 ContainerStatus: Opening named pipe /podr/container/pipe/9d9fb058fb9e_api-r2b-moksh/stderr_2af4188ded154b33ac92ddc335173f96 for reading in non-blocking mode.
2026-09-18T05:43:34.3248636+00:00 ContainerStatus: Successfully opened named pipe: /podr/container/pipe/9d9fb058fb9e_api-r2b-moksh/stderr_2af4188ded154b33ac92ddc335173f96.
2026-09-18T05:43:34.3250863+00:00 ContainerStatus: Successfully removed non-blocking flag from /podr/container/pipe/9d9fb058fb9e_api-r2b-moksh/stderr_2af4188ded154b33ac92ddc335173f96.
2026-09-18T05:43:34.3430609+00:00 ContainerStatus: Creating container with image: appsvc/python:3.12_20260910.3.tuxprod from registry: 10.1.0.4:13209 and fully qualified image name: 10.1.0.4:13209/appsvc/python:3.12_20260910.3.tuxprod
2026-09-18T05:43:35.0336787+00:00 ContainerStatus: Starting container: 9d9fb058fb9e_api-r2b-moksh.
2026-09-18T05:43:35.2050373+00:00 ContainerStatus: Starting watchers and probes.
2026-09-18T05:43:35.2052657+00:00 ContainerStatus: Starting metrics collection.
2026-09-18T05:43:35.2056021+00:00 ContainerStatus: Container is running.
2026-09-18T05:43:35.2056923+00:00 ContainerStatus: State: Starting, Action: CreatingContainer, LastError: ContainerStartupFailure, LastErrorTimestamp: 09/18/2026 05:36:14, LastErrorDetails: Container exited with exit code 1 during startup after 41.4s. Please inspect your container logs for more details., Details: Container api-r2b-moksh successfully created and is running., DetailsLevel: INFO
2026-09-18T05:43:35.5972433+00:00 ContainerStatus: Container start method finished after 2408 ms.
2026-09-18T05:43:35.5973719+00:00 ContainerStatus: State: Starting, Action: InitiatingSiteWarmUpProbe, LastError: ContainerStartupFailure, LastErrorTimestamp: 09/18/2026 05:36:14, LastErrorDetails: Container exited with exit code 1 during startup after 41.4s. Please inspect your container logs for more details., Details: Container api-r2b-moksh successfully created and is running., DetailsLevel: INFO
2026-09-18T05:43:35.5973914+00:00 ContainerStatus: State: Starting, Action: WaitingForSiteWarmUpProbeSuccess, LastError: ContainerStartupFailure, LastErrorTimestamp: 09/18/2026 05:36:14, LastErrorDetails: Container exited with exit code 1 during startup after 41.4s. Please inspect your container logs for more details., Details: Pinging warmup path to ensure container is ready to receive requests., DetailsLevel: INFO
2026-09-18T05:43:35.8464856+00:00 ContainerStream:    _____                               
2026-09-18T05:43:35.8466982+00:00 ContainerStream:   /  _  \ __________ _________   ____  
2026-09-18T05:43:35.8471352+00:00 ContainerStream:  /  /_\  \\___   /  |  \_  __ \_/ __ \ 
2026-09-18T05:43:35.8471502+00:00 ContainerStream: /    |    \/    /|  |  /|  | \/\  ___/ 
2026-09-18T05:43:35.8471524+00:00 ContainerStream: \____|__  /_____ \____/ |__|    \___  >
2026-09-18T05:43:35.8471548+00:00 ContainerStream:         \/      \/                  \/ 
2026-09-18T05:43:35.8471568+00:00 ContainerStream: A P P   S E R V I C E   O N   L I N U X
2026-09-18T05:43:35.8471585+00:00 ContainerStream: 
2026-09-18T05:43:35.8471605+00:00 ContainerStream: Documentation     : https://aka.ms/webapp-linux
2026-09-18T05:43:35.8471626+00:00 ContainerStream: Python quickstart : https://aka.ms/python-qs
2026-09-18T05:43:35.8471664+00:00 ContainerStream: Python version    : 3.12.13
2026-09-18T05:43:35.8471684+00:00 ContainerStream: Instance name     : lw1sdlwk0000XH
2026-09-18T05:43:35.8471710+00:00 ContainerStream: Instance id       : 171ec3c9695c928239cd2a33aaa77a41cdd8d87f623b348303044a8f83dcf651
2026-09-18T05:43:35.8471727+00:00 ContainerStream: 
2026-09-18T05:43:35.8471745+00:00 ContainerStream: App port          : 8000
2026-09-18T05:43:35.8471763+00:00 ContainerStream: Port selected by  : Default for this image
2026-09-18T05:43:35.8471783+00:00 ContainerStream: (Learn more about the PORT appsetting https://aka.ms/webapp-python-settings)
2026-09-18T05:43:35.8471800+00:00 ContainerStream: 
2026-09-18T05:43:35.8471841+00:00 ContainerStream: Note: Any data outside '/home' is not persisted
2026-09-18T05:43:35.8471857+00:00 ContainerStream: 
2026-09-18T05:43:35.8471891+00:00 ContainerStream: ────────────────────────────────────────────────────────────────
2026-09-18T05:43:35.8471914+00:00 ContainerStream:  Run 'apphelp' for available commands and aliases.
2026-09-18T05:43:35.8471934+00:00 ContainerStream:  Run 'install-nettools' to install networking utilities.
2026-09-18T05:43:35.8471962+00:00 ContainerStream: ────────────────────────────────────────────────────────────────
2026-09-18T05:43:38.8126450+00:00 ContainerStream: Starting OpenBSD Secure Shell server: sshd.
2026-09-18T05:43:38.8413773+00:00 ContainerStream: WEBSITES_INCLUDE_CLOUD_CERTS is not set to true.
2026-09-18T05:43:38.9095591+00:00 ContainerStream: Updating certificates in /etc/ssl/certs...
2026-09-18T05:44:09.7495218+00:00 ContainerStream: rehash: warning: skipping duplicate certificate in azl_SSL.com_TLS_ECC_Root_CA_2022.pem
2026-09-18T05:44:09.7692356+00:00 ContainerStream: rehash: warning: skipping duplicate certificate in azl_SSL.com_TLS_RSA_Root_CA_2022.pem
2026-09-18T05:44:10.2225472+00:00 ContainerStream: rehash: warning: skipping ca-certificates.crt,it does not contain exactly one certificate or CRL
2026-09-18T05:44:10.3105691+00:00 ContainerStream: 4 added, 0 removed; done.
2026-09-18T05:44:10.3117240+00:00 ContainerStream: Running hooks in /etc/ca-certificates/update.d...
2026-09-18T05:44:10.3227262+00:00 ContainerStream: done.
2026-09-18T05:44:10.3638348+00:00 ContainerStream: CA certificates copied and updated successfully.
2026-09-18T05:44:10.5741726+00:00 ContainerStream: Site's appCommandLine: python -m uvicorn main:app --host 0.0.0.0 --port 8000
2026-09-18T05:44:11.4254442+00:00 ContainerStream: Starting periodic command scheduler: cron.
2026-09-18T05:44:11.4546430+00:00 ContainerStream: Launching oryx with: create-script -appPath /home/site/wwwroot -output /opt/startup/startup.sh -virtualEnvName antenv -defaultApp /opt/defaultsite -userStartupCommand 'python -m uvicorn main:app --host 0.0.0.0 --port 8000'
2026-09-18T05:44:11.8750752+00:00 ContainerStream: Could not find build manifest file at '/home/site/wwwroot/oryx-manifest.toml'
2026-09-18T05:44:11.8758801+00:00 ContainerStream: Could not find operation ID in manifest. Generating an operation id...
2026-09-18T05:44:11.8768946+00:00 ContainerStream: Build Operation ID: 93693635-d2fe-4d40-a749-8786c531cb28
2026-09-18T05:44:13.0385609+00:00 ContainerStream: Oryx Version: 0.2.20260710.1, Commit: 079b5b6294eb97d462d8f96bfa3243e9b85251da, ReleaseTagName: 20260710.1
2026-09-18T05:44:13.2382588+00:00 ContainerStream: Writing output script to '/opt/startup/startup.sh'
2026-09-18T05:44:13.4815837+00:00 ContainerStream: WARNING: Could not find virtual environment directory /home/site/wwwroot/antenv.
2026-09-18T05:44:13.4824173+00:00 ContainerStream: WARNING: Could not find package directory /home/site/wwwroot/__oryx_packages__.
2026-09-18T05:44:14.0449712+00:00 ContainerStream: /opt/python/3.12.13/bin/python: No module named uvicorn
2026-09-18T05:44:14.2138092+00:00 ContainerStatus: Container has finished running with exit code: 1.
2026-09-18T05:44:14.2139324+00:00 ContainerStatus: Container is terminating. Grace period: 5 seconds.
2026-09-18T05:44:14.2413134+00:00 ContainerStatus: Stop and delete container. Retry count = 0
2026-09-18T05:44:14.2422450+00:00 ContainerStatus: Stopping container: 9d9fb058fb9e_api-r2b-moksh.
2026-09-18T05:44:14.4029720+00:00 ContainerStatus: Deleting container: 9d9fb058fb9e_api-r2b-moksh. Retry count = 0
2026-09-18T05:44:14.7540135+00:00 ContainerStatus: Container spec TerminationMessagePolicy  path 
2026-09-18T05:44:14.7541610+00:00 ContainerStatus: Container is terminated. Total time elapsed: 540 ms.
2026-09-18T05:44:14.7542445+00:00 ContainerStatus: Site container: api-r2b-moksh terminated during site startup.
2026-09-18T05:44:14.7559915+00:00 ContainerStatus: State: Stopping, Action: CancellingStartup, LastError: ContainerStartupFailure, LastErrorTimestamp: 09/18/2026 05:36:14, LastErrorDetails: Container exited with exit code 1 during startup after 41.4s. Please inspect your container logs for more details., Details: Site container: api-r2b-moksh terminated during site startup. Cancelling site startup., DetailsLevel: ERR
2026-09-18T05:44:14.8859254+00:00 ContainerStatus: Site startup probe failed after 39.2859118 seconds.
2026-09-18T05:44:15.1568419+00:00 ContainerStatus: State: Stopping, Action: CancellingStartup, LastError: ContainerStartupFailure, LastErrorTimestamp: 09/18/2026 05:44:15, LastErrorDetails: Container exited with exit code 1 during startup after 39.6s. Please inspect your container logs for more details., Details: Site container: api-r2b-moksh terminated during site startup. Cancelling site startup., DetailsLevel: ERR
2026-09-18T05:44:15.1780087+00:00 ContainerStatus: Failed to start site. Revert by stopping site.
2026-09-18T05:44:15.1781446+00:00 ContainerStatus: State: Stopping, Action: StoppingSite, LastError: ContainerStartupFailure, LastErrorTimestamp: 09/18/2026 05:44:15, LastErrorDetails: Container exited with exit code 1 during startup after 39.6s. Please inspect your container logs for more details., Details: Site container: api-r2b-moksh terminated during site startup. Cancelling site startup., DetailsLevel: ERR
2026-09-18T05:44:15.1863129+00:00 ContainerStatus: State: Stopping, Action: StoppingSiteContainers, LastError: ContainerStartupFailure, LastErrorTimestamp: 09/18/2026 05:44:15, LastErrorDetails: Container exited with exit code 1 during startup after 39.6s. Please inspect your container logs for more details., Details: Site container: api-r2b-moksh terminated during site startup. Cancelling site startup., DetailsLevel: ERR
2026-09-18T05:44:15.1863622+00:00 ContainerStatus: Site: api-r2b-moksh stopped.
========== New Cold Start Attempt (2026-09-18T05:44:15.2462276+00:00) ==========
2026-09-18T05:44:15.2462276+00:00 ContainerStatus: State: Stopping, Action: UnmountingVolumes, LastError: ContainerStartupFailure, LastErrorTimestamp: 09/18/2026 05:44:15, LastErrorDetails: Container exited with exit code 1 during startup after 39.6s. Please inspect your container logs for more details., Details: Site container: api-r2b-moksh terminated during site startup. Cancelling site startup., DetailsLevel: ERR
2026-09-18T05:44:16.2432637+00:00 ContainerStatus: State: Stopping, Action: StoppingSiteNetworks, LastError: ContainerStartupFailure, LastErrorTimestamp: 09/18/2026 05:44:15, LastErrorDetails: Container exited with exit code 1 during startup after 39.6s. Please inspect your container logs for more details., Details: Site container: api-r2b-moksh terminated during site startup. Cancelling site startup., DetailsLevel: ERR
2026-09-18T05:44:16.8877111+00:00 ContainerStatus: State: Stopped, Action: None, LastError: ContainerStartupFailure, LastErrorTimestamp: 09/18/2026 05:44:15, LastErrorDetails: Container exited with exit code 1 during startup after 39.6s. Please inspect your container logs for more details., Details: Site stopped at 09/18/2026 05:44:16 (UTC), DetailsLevel: ERR
2026-09-18T05:44:19.5556960+00:00 ContainerStatus: State: Stopped, Action: None, LastError: ContainerStartupFailure, LastErrorTimestamp: 09/18/2026 05:44:15, LastErrorDetails: Container exited with exit code 1 during startup after 39.6s. Please inspect your container logs for more details., Details: Site stopped at 09/18/2026 05:44:16 (UTC), DetailsLevel: ERR
2026-09-18T05:46:15.8046388+00:00 ContainerStatus: State: Starting, Action: EstablishingSiteNetworks, LastError: ContainerStartupFailure, LastErrorTimestamp: 09/18/2026 05:44:15, LastErrorDetails: Container exited with exit code 1 during startup after 39.6s. Please inspect your container logs for more details., Details: Site stopped at 09/18/2026 05:44:16 (UTC), DetailsLevel: ERR
2026-09-18T05:46:19.0684185+00:00 ContainerStatus: State: Starting, Action: StartingSiteContainers, LastError: ContainerStartupFailure, LastErrorTimestamp: 09/18/2026 05:44:15, LastErrorDetails: Container exited with exit code 1 during startup after 39.6s. Please inspect your container logs for more details., Details: Site stopped at 09/18/2026 05:44:16 (UTC), DetailsLevel: ERR
2026-09-18T05:46:19.0686462+00:00 ContainerStatus: Container start method called.
2026-09-18T05:46:19.0687495+00:00 ContainerStatus: State: Starting, Action: PullingImage, LastError: ContainerStartupFailure, LastErrorTimestamp: 09/18/2026 05:44:15, LastErrorDetails: Container exited with exit code 1 during startup after 39.6s. Please inspect your container logs for more details., Details: Pulling image 10.1.0.4:13209/appsvc/python:3.12_20260910.3.tuxprod for api-r2b-moksh., DetailsLevel: INFO
2026-09-18T05:46:19.0688392+00:00 ContainerStatus: Establishing network.
2026-09-18T05:46:19.0689413+00:00 ContainerStatus: Pulling image: appsvc/python:3.12_20260910.3.tuxprod.
2026-09-18T05:46:19.7321622+00:00 ContainerStatus: Container is starting.
2026-09-18T05:46:19.7325518+00:00 ContainerStatus: State: Starting, Action: MountingVolumes, LastError: ContainerStartupFailure, LastErrorTimestamp: 09/18/2026 05:44:15, LastErrorDetails: Container exited with exit code 1 during startup after 39.6s. Please inspect your container logs for more details., Details: Mounting volumes for api-r2b-moksh., DetailsLevel: INFO
2026-09-18T05:46:19.7327439+00:00 ContainerStatus: Establishing user namespace if not established already.
2026-09-18T05:46:19.7328525+00:00 ContainerStatus: Establishing network if not established already.
2026-09-18T05:46:19.7329609+00:00 ContainerStatus: Mounting volumes.
2026-09-18T05:46:19.7338775+00:00 ContainerStatus: Nested mountpoint 
2026-09-18T05:46:19.7933430+00:00 ContainerStatus: Nested mountpoint volatile/logs
2026-09-18T05:46:19.8321057+00:00 ContainerStatus: Nested mountpoint 
2026-09-18T05:46:19.9057359+00:00 ContainerStatus: Nested mountpoint 
2026-09-18T05:46:19.9334740+00:00 ContainerStatus: Nested mountpoint 
2026-09-18T05:46:19.9345105+00:00 ContainerStatus: Nested mountpoint 
2026-09-18T05:46:20.5975107+00:00 ContainerStatus: State: Starting, Action: CreatingContainer, LastError: ContainerStartupFailure, LastErrorTimestamp: 09/18/2026 05:44:15, LastErrorDetails: Container exited with exit code 1 during startup after 39.6s. Please inspect your container logs for more details., Details: Finished pulling container image and mounting volumes for api-r2b-moksh. Allocatinng the rest of the container resources to finish container creation., DetailsLevel: INFO
2026-09-18T05:46:20.5975922+00:00 ContainerStatus: Creating container.
2026-09-18T05:46:20.5976406+00:00 ContainerStatus: Creating pipes for streaming container io.
2026-09-18T05:46:20.5976765+00:00 ContainerStatus: Creating stdout named pipe at /podr/container/pipe/85ea38dd47ef_api-r2b-moksh/stdout_944da6632faf4e36b1cbba1ec7dcb46a.
2026-09-18T05:46:20.5985721+00:00 ContainerStatus: Successfully created stdout named pipe at: /podr/container/pipe/85ea38dd47ef_api-r2b-moksh/stdout_944da6632faf4e36b1cbba1ec7dcb46a.
2026-09-18T05:46:20.5986230+00:00 ContainerStatus: Opening named pipe /podr/container/pipe/85ea38dd47ef_api-r2b-moksh/stdout_944da6632faf4e36b1cbba1ec7dcb46a for reading in non-blocking mode.
2026-09-18T05:46:20.5986805+00:00 ContainerStatus: Successfully opened named pipe: /podr/container/pipe/85ea38dd47ef_api-r2b-moksh/stdout_944da6632faf4e36b1cbba1ec7dcb46a.
2026-09-18T05:46:20.5987734+00:00 ContainerStatus: Successfully removed non-blocking flag from /podr/container/pipe/85ea38dd47ef_api-r2b-moksh/stdout_944da6632faf4e36b1cbba1ec7dcb46a.
2026-09-18T05:46:20.5988573+00:00 ContainerStatus: Creating stderr named pipe at /podr/container/pipe/85ea38dd47ef_api-r2b-moksh/stderr_c84a155179344972ab5ffd61df8f5fd4.
2026-09-18T05:46:20.6175535+00:00 ContainerStatus: Successfully created stderr named pipe at: /podr/container/pipe/85ea38dd47ef_api-r2b-moksh/stderr_c84a155179344972ab5ffd61df8f5fd4.
2026-09-18T05:46:20.6176157+00:00 ContainerStatus: Opening named pipe /podr/container/pipe/85ea38dd47ef_api-r2b-moksh/stderr_c84a155179344972ab5ffd61df8f5fd4 for reading in non-blocking mode.
2026-09-18T05:46:20.6176718+00:00 ContainerStatus: Successfully opened named pipe: /podr/container/pipe/85ea38dd47ef_api-r2b-moksh/stderr_c84a155179344972ab5ffd61df8f5fd4.
2026-09-18T05:46:20.6177135+00:00 ContainerStatus: Successfully removed non-blocking flag from /podr/container/pipe/85ea38dd47ef_api-r2b-moksh/stderr_c84a155179344972ab5ffd61df8f5fd4.
2026-09-18T05:46:20.6181779+00:00 ContainerStatus: Creating container with image: appsvc/python:3.12_20260910.3.tuxprod from registry: 10.1.0.4:13209 and fully qualified image name: 10.1.0.4:13209/appsvc/python:3.12_20260910.3.tuxprod
2026-09-18T05:46:21.4630050+00:00 ContainerStatus: Starting container: 85ea38dd47ef_api-r2b-moksh.
2026-09-18T05:46:21.5631816+00:00 ContainerStatus: Starting watchers and probes.
2026-09-18T05:46:21.5641066+00:00 ContainerStatus: Starting metrics collection.
2026-09-18T05:46:21.5648765+00:00 ContainerStatus: Container is running.
2026-09-18T05:46:21.5839872+00:00 ContainerStatus: State: Starting, Action: CreatingContainer, LastError: ContainerStartupFailure, LastErrorTimestamp: 09/18/2026 05:44:15, LastErrorDetails: Container exited with exit code 1 during startup after 39.6s. Please inspect your container logs for more details., Details: Container api-r2b-moksh successfully created and is running., DetailsLevel: INFO
2026-09-18T05:46:21.8147879+00:00 ContainerStatus: Container start method finished after 2705 ms.
2026-09-18T05:46:21.8633121+00:00 ContainerStatus: State: Starting, Action: InitiatingSiteWarmUpProbe, LastError: ContainerStartupFailure, LastErrorTimestamp: 09/18/2026 05:44:15, LastErrorDetails: Container exited with exit code 1 during startup after 39.6s. Please inspect your container logs for more details., Details: Container api-r2b-moksh successfully created and is running., DetailsLevel: INFO
2026-09-18T05:46:21.8634522+00:00 ContainerStatus: State: Starting, Action: WaitingForSiteWarmUpProbeSuccess, LastError: ContainerStartupFailure, LastErrorTimestamp: 09/18/2026 05:44:15, LastErrorDetails: Container exited with exit code 1 during startup after 39.6s. Please inspect your container logs for more details., Details: Pinging warmup path to ensure container is ready to receive requests., DetailsLevel: INFO
2026-09-18T05:46:22.2058866+00:00 ContainerStream:    _____                               
2026-09-18T05:46:22.2059316+00:00 ContainerStream:   /  _  \ __________ _________   ____  
2026-09-18T05:46:22.2059337+00:00 ContainerStream:  /  /_\  \\___   /  |  \_  __ \_/ __ \ 
2026-09-18T05:46:22.2059352+00:00 ContainerStream: /    |    \/    /|  |  /|  | \/\  ___/ 
2026-09-18T05:46:22.2059367+00:00 ContainerStream: \____|__  /_____ \____/ |__|    \___  >
2026-09-18T05:46:22.2059510+00:00 ContainerStream:         \/      \/                  \/ 
2026-09-18T05:46:22.2059524+00:00 ContainerStream: A P P   S E R V I C E   O N   L I N U X
2026-09-18T05:46:22.2059537+00:00 ContainerStream: 
2026-09-18T05:46:22.2059552+00:00 ContainerStream: Documentation     : https://aka.ms/webapp-linux
2026-09-18T05:46:22.2059566+00:00 ContainerStream: Python quickstart : https://aka.ms/python-qs
2026-09-18T05:46:22.2059580+00:00 ContainerStream: Python version    : 3.12.13
2026-09-18T05:46:22.2059594+00:00 ContainerStream: Instance name     : lw1sdlwk0000XH
2026-09-18T05:46:22.2059613+00:00 ContainerStream: Instance id       : 171ec3c9695c928239cd2a33aaa77a41cdd8d87f623b348303044a8f83dcf651
2026-09-18T05:46:22.2059626+00:00 ContainerStream: 
2026-09-18T05:46:22.2059640+00:00 ContainerStream: App port          : 8000
2026-09-18T05:46:22.2059654+00:00 ContainerStream: Port selected by  : Default for this image
2026-09-18T05:46:22.2059669+00:00 ContainerStream: (Learn more about the PORT appsetting https://aka.ms/webapp-python-settings)
2026-09-18T05:46:22.2059681+00:00 ContainerStream: 
2026-09-18T05:46:22.2059719+00:00 ContainerStream: Note: Any data outside '/home' is not persisted
2026-09-18T05:46:22.2059732+00:00 ContainerStream: 
2026-09-18T05:46:22.2059768+00:00 ContainerStream: ────────────────────────────────────────────────────────────────
2026-09-18T05:46:22.2059783+00:00 ContainerStream:  Run 'apphelp' for available commands and aliases.
2026-09-18T05:46:22.2059798+00:00 ContainerStream:  Run 'install-nettools' to install networking utilities.
2026-09-18T05:46:22.2059824+00:00 ContainerStream: ────────────────────────────────────────────────────────────────
2026-09-18T05:46:23.7856583+00:00 ContainerStream: Starting OpenBSD Secure Shell server: sshd.
2026-09-18T05:46:23.8155815+00:00 ContainerStream: WEBSITES_INCLUDE_CLOUD_CERTS is not set to true.
2026-09-18T05:46:23.8849912+00:00 ContainerStream: Updating certificates in /etc/ssl/certs...
2026-09-18T05:46:44.5169589+00:00 ContainerStream: rehash: warning: skipping duplicate certificate in azl_SSL.com_TLS_ECC_Root_CA_2022.pem
2026-09-18T05:46:44.5266967+00:00 ContainerStream: rehash: warning: skipping duplicate certificate in azl_SSL.com_TLS_RSA_Root_CA_2022.pem
2026-09-18T05:46:45.2913718+00:00 ContainerStream: rehash: warning: skipping ca-certificates.crt,it does not contain exactly one certificate or CRL
2026-09-18T05:46:45.4706667+00:00 ContainerStream: 4 added, 0 removed; done.
2026-09-18T05:46:45.4709391+00:00 ContainerStream: Running hooks in /etc/ca-certificates/update.d...
2026-09-18T05:46:45.5897625+00:00 ContainerStream: done.
2026-09-18T05:46:45.7015324+00:00 ContainerStream: CA certificates copied and updated successfully.
2026-09-18T05:46:46.3047760+00:00 ContainerStream: Site's appCommandLine: python -m uvicorn main:app --host 0.0.0.0 --port 8000
2026-09-18T05:46:47.0584474+00:00 ContainerStream: Starting periodic command scheduler: cron.
2026-09-18T05:46:47.0684069+00:00 ContainerStream: Launching oryx with: create-script -appPath /home/site/wwwroot -output /opt/startup/startup.sh -virtualEnvName antenv -defaultApp /opt/defaultsite -userStartupCommand 'python -m uvicorn main:app --host 0.0.0.0 --port 8000'
2026-09-18T05:46:47.3109081+00:00 ContainerStream: Found build manifest file at '/home/site/wwwroot/oryx-manifest.toml'. Deserializing it...
2026-09-18T05:46:47.3381983+00:00 ContainerStream: Build Operation ID: a13866c2bd2278e1
2026-09-18T05:46:47.3391889+00:00 ContainerStream: Oryx Version: 0.2.20260710.1, Commit: 079b5b6294eb97d462d8f96bfa3243e9b85251da, ReleaseTagName: 20260710.1
2026-09-18T05:46:47.3397280+00:00 ContainerStream: Output is compressed. Extracting it...
2026-09-18T05:46:47.3484441+00:00 ContainerStream: Found zstd-compressed tarball.
2026-09-18T05:46:47.3494242+00:00 ContainerStream: Extracting '/home/site/wwwroot/output.tar.zst' to directory '/tmp/8df1547d6ffcd87'...
2026-09-18T05:46:47.3505685+00:00 ContainerStream: Using zstd for decompression of file: /home/site/wwwroot/output.tar.zst
2026-09-18T05:46:54.5405059+00:00 ContainerStream: zstd tar Successfully extracted '/home/site/wwwroot/output.tar.zst' to '/tmp/8df1547d6ffcd87'
2026-09-18T05:46:54.5414095+00:00 ContainerStream: App path is set to '/tmp/8df1547d6ffcd87'
2026-09-18T05:46:55.3930666+00:00 ContainerStream: Writing output script to '/opt/startup/startup.sh'
2026-09-18T05:46:55.8044185+00:00 ContainerStream: Using packages from virtual environment antenv located at /tmp/8df1547d6ffcd87/antenv.
2026-09-18T05:46:55.8051574+00:00 ContainerStream: Updated PYTHONPATH to '/home/site/wwwroot:/home/site/wwwroot/backend:/opt/startup/app_logs:/tmp/8df1547d6ffcd87/antenv/lib/python3.12/site-packages'
2026-09-18T05:46:56.6450117+00:00 ContainerStream: Traceback (most recent call last):
2026-09-18T05:46:56.6458362+00:00 ContainerStream:   File "<frozen runpy>", line 198, in _run_module_as_main
2026-09-18T05:46:56.6465478+00:00 ContainerStream:   File "<frozen runpy>", line 88, in _run_code
2026-09-18T05:46:56.6473313+00:00 ContainerStream:   File "/tmp/8df1547d6ffcd87/antenv/lib/python3.12/site-packages/uvicorn/__main__.py", line 4, in <module>
2026-09-18T05:46:56.6553057+00:00 ContainerStream:     uvicorn.main()
2026-09-18T05:46:56.6561955+00:00 ContainerStream:   File "/tmp/8df1547d6ffcd87/antenv/lib/python3.12/site-packages/click/core.py", line 1631, in __call__
2026-09-18T05:46:56.6571716+00:00 ContainerStream:     return self.main(*args, **kwargs)
2026-09-18T05:46:56.6649769+00:00 ContainerStream:            ^^^^^^^^^^^^^^^^^^^^^^^^^^
2026-09-18T05:46:56.6654616+00:00 ContainerStream:   File "/tmp/8df1547d6ffcd87/antenv/lib/python3.12/site-packages/click/core.py", line 1552, in main
2026-09-18T05:46:56.6659410+00:00 ContainerStream:     rv = self.invoke(ctx)
2026-09-18T05:46:56.6667525+00:00 ContainerStream:          ^^^^^^^^^^^^^^^^
2026-09-18T05:46:56.6669435+00:00 ContainerStream:   File "/tmp/8df1547d6ffcd87/antenv/lib/python3.12/site-packages/click/core.py", line 1415, in invoke
2026-09-18T05:46:56.6737473+00:00 ContainerStream:     return ctx.invoke(self.callback, **ctx.params)
2026-09-18T05:46:56.6746891+00:00 ContainerStream:            ^^^^^^^^^^^^^^^^^^^^^^^^^^^^^^^^^^^^^^^
2026-09-18T05:46:56.6754622+00:00 ContainerStream:   File "/tmp/8df1547d6ffcd87/antenv/lib/python3.12/site-packages/click/core.py", line 910, in invoke
2026-09-18T05:46:56.6831941+00:00 ContainerStream:     return callback(*args, **kwargs)
2026-09-18T05:46:56.6839706+00:00 ContainerStream:            ^^^^^^^^^^^^^^^^^^^^^^^^^
2026-09-18T05:46:56.6845429+00:00 ContainerStream:   File "/tmp/8df1547d6ffcd87/antenv/lib/python3.12/site-packages/uvicorn/main.py", line 448, in main
2026-09-18T05:46:56.6854844+00:00 ContainerStream:     run(
2026-09-18T05:46:56.6933799+00:00 ContainerStream:   File "/tmp/8df1547d6ffcd87/antenv/lib/python3.12/site-packages/uvicorn/main.py", line 620, in run
2026-09-18T05:46:56.6934006+00:00 ContainerStream:     config.load_app()
2026-09-18T05:46:56.6934036+00:00 ContainerStream:   File "/tmp/8df1547d6ffcd87/antenv/lib/python3.12/site-packages/uvicorn/config.py", line 434, in load_app
2026-09-18T05:46:56.6934055+00:00 ContainerStream:     return import_from_string(self.app)
2026-09-18T05:46:56.6934870+00:00 ContainerStream:            ^^^^^^^^^^^^^^^^^^^^^^^^^^^^
2026-09-18T05:46:56.6935171+00:00 ContainerStream:   File "/tmp/8df1547d6ffcd87/antenv/lib/python3.12/site-packages/uvicorn/importer.py", line 22, in import_from_string
2026-09-18T05:46:56.6936508+00:00 ContainerStream:     raise exc from None
2026-09-18T05:46:56.6942883+00:00 ContainerStream:   File "/tmp/8df1547d6ffcd87/antenv/lib/python3.12/site-packages/uvicorn/importer.py", line 19, in import_from_string
2026-09-18T05:46:56.6944674+00:00 ContainerStream:     module = importlib.import_module(module_str)
2026-09-18T05:46:56.6946337+00:00 ContainerStream:              ^^^^^^^^^^^^^^^^^^^^^^^^^^^^^^^^^^^
2026-09-18T05:46:56.6949286+00:00 ContainerStream:   File "/opt/python/3.12.13/lib/python3.12/importlib/__init__.py", line 90, in import_module
2026-09-18T05:46:56.6955885+00:00 ContainerStream:     return _bootstrap._gcd_import(name[level:], package, level)
2026-09-18T05:46:56.7029173+00:00 ContainerStream:            ^^^^^^^^^^^^^^^^^^^^^^^^^^^^^^^^^^^^^^^^^^^^^^^^^^^^
2026-09-18T05:46:56.7037005+00:00 ContainerStream:   File "<frozen importlib._bootstrap>", line 1387, in _gcd_import
2026-09-18T05:46:56.7044077+00:00 ContainerStream:   File "<frozen importlib._bootstrap>", line 1360, in _find_and_load
2026-09-18T05:46:56.7051650+00:00 ContainerStream:   File "<frozen importlib._bootstrap>", line 1331, in _find_and_load_unlocked
2026-09-18T05:46:56.7058338+00:00 ContainerStream:   File "<frozen importlib._bootstrap>", line 935, in _load_unlocked
2026-09-18T05:46:56.7157651+00:00 ContainerStream:   File "<frozen importlib._bootstrap_external>", line 999, in exec_module
2026-09-18T05:46:56.7157937+00:00 ContainerStream:   File "<frozen importlib._bootstrap>", line 488, in _call_with_frames_removed
2026-09-18T05:46:56.7157963+00:00 ContainerStream:   File "/tmp/8df1547d6ffcd87/main.py", line 11, in <module>
2026-09-18T05:46:56.7157979+00:00 ContainerStream:     from backend.app.main import app  # noqa: E402
2026-09-18T05:46:56.7157994+00:00 ContainerStream:     ^^^^^^^^^^^^^^^^^^^^^^^^^^^^^^^^
2026-09-18T05:46:56.7158008+00:00 ContainerStream: ModuleNotFoundError: No module named 'backend'
2026-09-18T05:46:56.9504134+00:00 ContainerStatus: Container has finished running with exit code: 1.
2026-09-18T05:46:56.9505465+00:00 ContainerStatus: Container is terminating. Grace period: 5 seconds.
2026-09-18T05:46:56.9612074+00:00 ContainerStatus: Stop and delete container. Retry count = 0
2026-09-18T05:46:56.9613250+00:00 ContainerStatus: Stopping container: 85ea38dd47ef_api-r2b-moksh.
2026-09-18T05:46:57.0519490+00:00 ContainerStatus: Deleting container: 85ea38dd47ef_api-r2b-moksh. Retry count = 0
2026-09-18T05:46:57.6832208+00:00 ContainerStatus: Container spec TerminationMessagePolicy  path 
2026-09-18T05:46:57.6923945+00:00 ContainerStatus: Container is terminated. Total time elapsed: 734 ms.
2026-09-18T05:46:57.6929412+00:00 ContainerStatus: Site container: api-r2b-moksh terminated during site startup.
2026-09-18T05:46:57.6936969+00:00 ContainerStatus: State: Stopping, Action: CancellingStartup, LastError: ContainerStartupFailure, LastErrorTimestamp: 09/18/2026 05:44:15, LastErrorDetails: Container exited with exit code 1 during startup after 39.6s. Please inspect your container logs for more details., Details: Site container: api-r2b-moksh terminated during site startup. Cancelling site startup., DetailsLevel: ERR
2026-09-18T05:46:57.7822320+00:00 ContainerStatus: Site startup probe failed after 35.8788521 seconds.
2026-09-18T05:46:58.0729299+00:00 ContainerStatus: State: Stopping, Action: CancellingStartup, LastError: ContainerStartupFailure, LastErrorTimestamp: 09/18/2026 05:46:58, LastErrorDetails: Container exited with exit code 1 during startup after 36.1s. Please inspect your container logs for more details., Details: Site container: api-r2b-moksh terminated during site startup. Cancelling site startup., DetailsLevel: ERR
2026-09-18T05:46:58.1039864+00:00 ContainerStatus: Failed to start site. Revert by stopping site.
2026-09-18T05:46:58.1046315+00:00 ContainerStatus: State: Stopping, Action: StoppingSite, LastError: ContainerStartupFailure, LastErrorTimestamp: 09/18/2026 05:46:58, LastErrorDetails: Container exited with exit code 1 during startup after 36.1s. Please inspect your container logs for more details., Details: Site container: api-r2b-moksh terminated during site startup. Cancelling site startup., DetailsLevel: ERR
2026-09-18T05:46:58.1230393+00:00 ContainerStatus: State: Stopping, Action: StoppingSiteContainers, LastError: ContainerStartupFailure, LastErrorTimestamp: 09/18/2026 05:46:58, LastErrorDetails: Container exited with exit code 1 during startup after 36.1s. Please inspect your container logs for more details., Details: Site container: api-r2b-moksh terminated during site startup. Cancelling site startup., DetailsLevel: ERR
2026-09-18T05:46:58.1230787+00:00 ContainerStatus: Site: api-r2b-moksh stopped.
========== New Cold Start Attempt (2026-09-18T05:46:58.1822448+00:00) ==========
2026-09-18T05:46:58.1822448+00:00 ContainerStatus: State: Stopping, Action: UnmountingVolumes, LastError: ContainerStartupFailure, LastErrorTimestamp: 09/18/2026 05:46:58, LastErrorDetails: Container exited with exit code 1 during startup after 36.1s. Please inspect your container logs for more details., Details: Site container: api-r2b-moksh terminated during site startup. Cancelling site startup., DetailsLevel: ERR
2026-09-18T05:46:58.7350174+00:00 ContainerStatus: State: Stopping, Action: StoppingSiteNetworks, LastError: ContainerStartupFailure, LastErrorTimestamp: 09/18/2026 05:46:58, LastErrorDetails: Container exited with exit code 1 during startup after 36.1s. Please inspect your container logs for more details., Details: Site container: api-r2b-moksh terminated during site startup. Cancelling site startup., DetailsLevel: ERR
2026-09-18T05:46:59.1076622+00:00 ContainerStatus: Site: api-r2b-moksh will be blocked for 1 minutes till 09/18/2026 05:47:59
2026-09-18T05:46:59.1078956+00:00 ContainerStatus: State: Blocked, Action: StoppingSiteNetworks, LastError: ContainerStartupFailure, LastErrorTimestamp: 09/18/2026 05:46:58, LastErrorDetails: Container exited with exit code 1 during startup after 36.1s. Please inspect your container logs for more details., Details: Site: api-r2b-moksh will be blocked for 1 minutes till 09/18/2026 05:47:59, DetailsLevel: WARN
2026-09-18T05:46:59.1271891+00:00 ContainerStatus: State: Stopped, Action: None, LastError: ContainerStartupFailure, LastErrorTimestamp: 09/18/2026 05:46:58, LastErrorDetails: Container exited with exit code 1 during startup after 36.1s. Please inspect your container logs for more details., Details: Site stopped at 09/18/2026 05:46:59 (UTC), DetailsLevel: WARN
2026-09-18T05:47:00.6553494+00:00 ContainerStatus: State: Stopped, Action: None, LastError: ContainerStartupFailure, LastErrorTimestamp: 09/18/2026 05:46:58, LastErrorDetails: Container exited with exit code 1 during startup after 36.1s. Please inspect your container logs for more details., Details: Site stopped at 09/18/2026 05:46:59 (UTC), DetailsLevel: WARN
2026-09-18T05:47:01.7760479+00:00 ContainerStatus: State: Blocked, Action: None, LastError: ContainerStartupFailure, LastErrorTimestamp: 09/18/2026 05:46:58, LastErrorDetails: Container exited with exit code 1 during startup after 36.1s. Please inspect your container logs for more details., Details: Site is blocked due to multiple, consecutive cold start failures. Site scheduled to be unblocked at 09/18/2026 05:47:59, DetailsLevel: WARN
2026-09-18T05:47:01.7761170+00:00 ContainerStatus: Start site prohibitted because the site is being blocked.
2026-09-18T05:47:02.8143363+00:00 ContainerStatus: State: Blocked, Action: None, LastError: ContainerStartupFailure, LastErrorTimestamp: 09/18/2026 05:46:58, LastErrorDetails: Container exited with exit code 1 during startup after 36.1s. Please inspect your container logs for more details., Details: Site is blocked due to multiple, consecutive cold start failures. Site scheduled to be unblocked at 09/18/2026 05:47:59, DetailsLevel: WARN
2026-09-18T05:47:02.8144383+00:00 ContainerStatus: Start site prohibitted because the site is being blocked.
2026-09-18T05:47:29.2283775+00:00 ContainerStatus: State: Blocked, Action: None, LastError: ContainerStartupFailure, LastErrorTimestamp: 09/18/2026 05:46:58, LastErrorDetails: Container exited with exit code 1 during startup after 36.1s. Please inspect your container logs for more details., Details: Site is blocked due to multiple, consecutive cold start failures. Site scheduled to be unblocked at 09/18/2026 05:47:59, DetailsLevel: WARN
2026-09-18T05:47:29.2284499+00:00 ContainerStatus: Start site prohibitted because the site is being blocked.
2026-09-18T05:47:59.1088463+00:00 ContainerStatus: Site: api-r2b-moksh is unblocked.
2026-09-18T05:48:08.6709607+00:00 ContainerStatus: State: Starting, Action: EstablishingSiteNetworks, LastError: ContainerStartupFailure, LastErrorTimestamp: 09/18/2026 05:46:58, LastErrorDetails: Container exited with exit code 1 during startup after 36.1s. Please inspect your container logs for more details., Details: Site is blocked due to multiple, consecutive cold start failures. Site scheduled to be unblocked at 09/18/2026 05:47:59, DetailsLevel: WARN
2026-09-18T05:48:11.6324849+00:00 ContainerStatus: State: Starting, Action: StartingSiteContainers, LastError: ContainerStartupFailure, LastErrorTimestamp: 09/18/2026 05:46:58, LastErrorDetails: Container exited with exit code 1 during startup after 36.1s. Please inspect your container logs for more details., Details: Site is blocked due to multiple, consecutive cold start failures. Site scheduled to be unblocked at 09/18/2026 05:47:59, DetailsLevel: WARN
2026-09-18T05:48:11.6325550+00:00 ContainerStatus: Container start method called.
2026-09-18T05:48:11.6325977+00:00 ContainerStatus: State: Starting, Action: PullingImage, LastError: ContainerStartupFailure, LastErrorTimestamp: 09/18/2026 05:46:58, LastErrorDetails: Container exited with exit code 1 during startup after 36.1s. Please inspect your container logs for more details., Details: Pulling image 10.1.0.4:13209/appsvc/python:3.12_20260910.3.tuxprod for api-r2b-moksh., DetailsLevel: INFO
2026-09-18T05:48:11.6326324+00:00 ContainerStatus: Establishing network.
2026-09-18T05:48:11.6326875+00:00 ContainerStatus: Pulling image: appsvc/python:3.12_20260910.3.tuxprod.
2026-09-18T05:48:11.9651820+00:00 ContainerStatus: Container is starting.
2026-09-18T05:48:11.9652634+00:00 ContainerStatus: State: Starting, Action: MountingVolumes, LastError: ContainerStartupFailure, LastErrorTimestamp: 09/18/2026 05:46:58, LastErrorDetails: Container exited with exit code 1 during startup after 36.1s. Please inspect your container logs for more details., Details: Mounting volumes for api-r2b-moksh., DetailsLevel: INFO
2026-09-18T05:48:11.9653058+00:00 ContainerStatus: Establishing user namespace if not established already.
2026-09-18T05:48:11.9653436+00:00 ContainerStatus: Establishing network if not established already.
2026-09-18T05:48:11.9653910+00:00 ContainerStatus: Mounting volumes.
2026-09-18T05:48:11.9654740+00:00 ContainerStatus: Nested mountpoint 
2026-09-18T05:48:12.0564043+00:00 ContainerStatus: Nested mountpoint volatile/logs
2026-09-18T05:48:12.0769746+00:00 ContainerStatus: Nested mountpoint 
2026-09-18T05:48:12.0964046+00:00 ContainerStatus: Nested mountpoint 
2026-09-18T05:48:12.1562447+00:00 ContainerStatus: Nested mountpoint 
2026-09-18T05:48:12.1574500+00:00 ContainerStatus: Nested mountpoint 
2026-09-18T05:48:12.5180083+00:00 ContainerStatus: State: Starting, Action: CreatingContainer, LastError: ContainerStartupFailure, LastErrorTimestamp: 09/18/2026 05:46:58, LastErrorDetails: Container exited with exit code 1 during startup after 36.1s. Please inspect your container logs for more details., Details: Finished pulling container image and mounting volumes for api-r2b-moksh. Allocatinng the rest of the container resources to finish container creation., DetailsLevel: INFO
2026-09-18T05:48:12.5180792+00:00 ContainerStatus: Creating container.
2026-09-18T05:48:12.5181221+00:00 ContainerStatus: Creating pipes for streaming container io.
2026-09-18T05:48:12.5181585+00:00 ContainerStatus: Creating stdout named pipe at /podr/container/pipe/dae0c64e9820_api-r2b-moksh/stdout_ed4f065a5e72404c96a5ed7db74d8d37.
2026-09-18T05:48:12.5182980+00:00 ContainerStatus: Successfully created stdout named pipe at: /podr/container/pipe/dae0c64e9820_api-r2b-moksh/stdout_ed4f065a5e72404c96a5ed7db74d8d37.
2026-09-18T05:48:12.5183322+00:00 ContainerStatus: Opening named pipe /podr/container/pipe/dae0c64e9820_api-r2b-moksh/stdout_ed4f065a5e72404c96a5ed7db74d8d37 for reading in non-blocking mode.
2026-09-18T05:48:12.5183779+00:00 ContainerStatus: Successfully opened named pipe: /podr/container/pipe/dae0c64e9820_api-r2b-moksh/stdout_ed4f065a5e72404c96a5ed7db74d8d37.
2026-09-18T05:48:12.5184163+00:00 ContainerStatus: Successfully removed non-blocking flag from /podr/container/pipe/dae0c64e9820_api-r2b-moksh/stdout_ed4f065a5e72404c96a5ed7db74d8d37.
2026-09-18T05:48:12.5206898+00:00 ContainerStatus: Creating stderr named pipe at /podr/container/pipe/dae0c64e9820_api-r2b-moksh/stderr_152d49b187d54e45a3d622fa50a400bc.
2026-09-18T05:48:12.5390324+00:00 ContainerStatus: Successfully created stderr named pipe at: /podr/container/pipe/dae0c64e9820_api-r2b-moksh/stderr_152d49b187d54e45a3d622fa50a400bc.
2026-09-18T05:48:12.5394436+00:00 ContainerStatus: Opening named pipe /podr/container/pipe/dae0c64e9820_api-r2b-moksh/stderr_152d49b187d54e45a3d622fa50a400bc for reading in non-blocking mode.
2026-09-18T05:48:12.5399923+00:00 ContainerStatus: Successfully opened named pipe: /podr/container/pipe/dae0c64e9820_api-r2b-moksh/stderr_152d49b187d54e45a3d622fa50a400bc.
2026-09-18T05:48:12.5401134+00:00 ContainerStatus: Successfully removed non-blocking flag from /podr/container/pipe/dae0c64e9820_api-r2b-moksh/stderr_152d49b187d54e45a3d622fa50a400bc.
2026-09-18T05:48:12.5477263+00:00 ContainerStatus: Creating container with image: appsvc/python:3.12_20260910.3.tuxprod from registry: 10.1.0.4:13209 and fully qualified image name: 10.1.0.4:13209/appsvc/python:3.12_20260910.3.tuxprod
2026-09-18T05:48:13.4185670+00:00 ContainerStatus: Starting container: dae0c64e9820_api-r2b-moksh.
2026-09-18T05:48:13.5847004+00:00 ContainerStatus: Starting watchers and probes.
2026-09-18T05:48:13.5937479+00:00 ContainerStatus: Starting metrics collection.
2026-09-18T05:48:13.5946292+00:00 ContainerStatus: Container is running.
2026-09-18T05:48:13.6041891+00:00 ContainerStatus: State: Starting, Action: CreatingContainer, LastError: ContainerStartupFailure, LastErrorTimestamp: 09/18/2026 05:46:58, LastErrorDetails: Container exited with exit code 1 during startup after 36.1s. Please inspect your container logs for more details., Details: Container api-r2b-moksh successfully created and is running., DetailsLevel: INFO
2026-09-18T05:48:13.6750983+00:00 ContainerStream:    _____                               
2026-09-18T05:48:13.6751286+00:00 ContainerStream:   /  _  \ __________ _________   ____  
2026-09-18T05:48:13.6751307+00:00 ContainerStream:  /  /_\  \\___   /  |  \_  __ \_/ __ \ 
2026-09-18T05:48:13.6751322+00:00 ContainerStream: /    |    \/    /|  |  /|  | \/\  ___/ 
2026-09-18T05:48:13.6751425+00:00 ContainerStream: \____|__  /_____ \____/ |__|    \___  >
2026-09-18T05:48:13.6751440+00:00 ContainerStream:         \/      \/                  \/ 
2026-09-18T05:48:13.6751454+00:00 ContainerStream: A P P   S E R V I C E   O N   L I N U X
2026-09-18T05:48:13.6751467+00:00 ContainerStream: 
2026-09-18T05:48:13.6751481+00:00 ContainerStream: Documentation     : https://aka.ms/webapp-linux
2026-09-18T05:48:13.6751497+00:00 ContainerStream: Python quickstart : https://aka.ms/python-qs
2026-09-18T05:48:13.6751511+00:00 ContainerStream: Python version    : 3.12.13
2026-09-18T05:48:13.6751525+00:00 ContainerStream: Instance name     : lw1sdlwk0000XH
2026-09-18T05:48:13.6751542+00:00 ContainerStream: Instance id       : 171ec3c9695c928239cd2a33aaa77a41cdd8d87f623b348303044a8f83dcf651
2026-09-18T05:48:13.6751555+00:00 ContainerStream: 
2026-09-18T05:48:13.6751568+00:00 ContainerStream: App port          : 8000
2026-09-18T05:48:13.6751583+00:00 ContainerStream: Port selected by  : Default for this image
2026-09-18T05:48:13.6751599+00:00 ContainerStream: (Learn more about the PORT appsetting https://aka.ms/webapp-python-settings)
2026-09-18T05:48:13.6751631+00:00 ContainerStream: 
2026-09-18T05:48:13.6751647+00:00 ContainerStream: Note: Any data outside '/home' is not persisted
2026-09-18T05:48:13.6751659+00:00 ContainerStream: 
2026-09-18T05:48:13.6751687+00:00 ContainerStream: ────────────────────────────────────────────────────────────────
2026-09-18T05:48:13.6751702+00:00 ContainerStream:  Run 'apphelp' for available commands and aliases.
2026-09-18T05:48:13.6751716+00:00 ContainerStream:  Run 'install-nettools' to install networking utilities.
2026-09-18T05:48:13.6751741+00:00 ContainerStream: ────────────────────────────────────────────────────────────────
2026-09-18T05:48:13.9498969+00:00 ContainerStatus: Container start method finished after 2316 ms.
2026-09-18T05:48:13.9804788+00:00 ContainerStatus: State: Starting, Action: InitiatingSiteWarmUpProbe, LastError: ContainerStartupFailure, LastErrorTimestamp: 09/18/2026 05:46:58, LastErrorDetails: Container exited with exit code 1 during startup after 36.1s. Please inspect your container logs for more details., Details: Container api-r2b-moksh successfully created and is running., DetailsLevel: INFO
2026-09-18T05:48:13.9807095+00:00 ContainerStatus: State: Starting, Action: WaitingForSiteWarmUpProbeSuccess, LastError: ContainerStartupFailure, LastErrorTimestamp: 09/18/2026 05:46:58, LastErrorDetails: Container exited with exit code 1 during startup after 36.1s. Please inspect your container logs for more details., Details: Pinging warmup path to ensure container is ready to receive requests., DetailsLevel: INFO
2026-09-18T05:48:19.9711981+00:00 ContainerStream: Starting OpenBSD Secure Shell server: sshd.
2026-09-18T05:48:19.9916705+00:00 ContainerStream: WEBSITES_INCLUDE_CLOUD_CERTS is not set to true.
2026-09-18T05:48:20.0632509+00:00 ContainerStream: Updating certificates in /etc/ssl/certs...
2026-09-18T05:48:39.3107670+00:00 ContainerStream: rehash: warning: skipping duplicate certificate in azl_SSL.com_TLS_ECC_Root_CA_2022.pem
2026-09-18T05:48:39.3122500+00:00 ContainerStream: rehash: warning: skipping duplicate certificate in azl_SSL.com_TLS_RSA_Root_CA_2022.pem
2026-09-18T05:48:39.6324667+00:00 ContainerStream: rehash: warning: skipping ca-certificates.crt,it does not contain exactly one certificate or CRL
2026-09-18T05:48:39.7132323+00:00 ContainerStream: 4 added, 0 removed; done.
2026-09-18T05:48:39.7142605+00:00 ContainerStream: Running hooks in /etc/ca-certificates/update.d...
2026-09-18T05:48:39.7341028+00:00 ContainerStream: done.
2026-09-18T05:48:39.7734045+00:00 ContainerStream: CA certificates copied and updated successfully.
2026-09-18T05:48:39.8952945+00:00 ContainerStream: Site's appCommandLine: python -m uvicorn main:app --host 0.0.0.0 --port 8000
2026-09-18T05:48:40.3587800+00:00 ContainerStream: Starting periodic command scheduler: cron.
2026-09-18T05:48:40.3593632+00:00 ContainerStream: Launching oryx with: create-script -appPath /home/site/wwwroot -output /opt/startup/startup.sh -virtualEnvName antenv -defaultApp /opt/defaultsite -userStartupCommand 'python -m uvicorn main:app --host 0.0.0.0 --port 8000'
2026-09-18T05:48:40.4588681+00:00 ContainerStream: Found build manifest file at '/home/site/wwwroot/oryx-manifest.toml'. Deserializing it...
2026-09-18T05:48:40.5081152+00:00 ContainerStream: Build Operation ID: a13866c2bd2278e1
2026-09-18T05:48:40.5183485+00:00 ContainerStream: Oryx Version: 0.2.20260710.1, Commit: 079b5b6294eb97d462d8f96bfa3243e9b85251da, ReleaseTagName: 20260710.1
2026-09-18T05:48:40.5188375+00:00 ContainerStream: Output is compressed. Extracting it...
2026-09-18T05:48:40.5198076+00:00 ContainerStream: Found zstd-compressed tarball.
2026-09-18T05:48:40.5478747+00:00 ContainerStream: Extracting '/home/site/wwwroot/output.tar.zst' to directory '/tmp/8df1547d6ffcd87'...
2026-09-18T05:48:40.5484838+00:00 ContainerStream: Using zstd for decompression of file: /home/site/wwwroot/output.tar.zst
2026-09-18T05:48:52.1903521+00:00 ContainerStream: zstd tar Successfully extracted '/home/site/wwwroot/output.tar.zst' to '/tmp/8df1547d6ffcd87'
2026-09-18T05:48:52.1983420+00:00 ContainerStream: App path is set to '/tmp/8df1547d6ffcd87'
2026-09-18T05:48:52.3286165+00:00 ContainerStream: Writing output script to '/opt/startup/startup.sh'
2026-09-18T05:48:52.5895560+00:00 ContainerStream: Using packages from virtual environment antenv located at /tmp/8df1547d6ffcd87/antenv.
2026-09-18T05:48:52.5907402+00:00 ContainerStream: Updated PYTHONPATH to '/home/site/wwwroot:/home/site/wwwroot/backend:/opt/startup/app_logs:/tmp/8df1547d6ffcd87/antenv/lib/python3.12/site-packages'
2026-09-18T05:48:53.4682271+00:00 ContainerStream: Traceback (most recent call last):
2026-09-18T05:48:53.4691202+00:00 ContainerStream:   File "<frozen runpy>", line 198, in _run_module_as_main
2026-09-18T05:48:53.4698210+00:00 ContainerStream:   File "<frozen runpy>", line 88, in _run_code
2026-09-18T05:48:53.4781426+00:00 ContainerStream:   File "/tmp/8df1547d6ffcd87/antenv/lib/python3.12/site-packages/uvicorn/__main__.py", line 4, in <module>
2026-09-18T05:48:53.4784335+00:00 ContainerStream:     uvicorn.main()
2026-09-18T05:48:53.4784575+00:00 ContainerStream:   File "/tmp/8df1547d6ffcd87/antenv/lib/python3.12/site-packages/click/core.py", line 1631, in __call__
2026-09-18T05:48:53.4793231+00:00 ContainerStream:     return self.main(*args, **kwargs)
2026-09-18T05:48:53.4894428+00:00 ContainerStream:            ^^^^^^^^^^^^^^^^^^^^^^^^^^
2026-09-18T05:48:53.4894730+00:00 ContainerStream:   File "/tmp/8df1547d6ffcd87/antenv/lib/python3.12/site-packages/click/core.py", line 1552, in main
2026-09-18T05:48:53.4894761+00:00 ContainerStream:     rv = self.invoke(ctx)
2026-09-18T05:48:53.4894779+00:00 ContainerStream:          ^^^^^^^^^^^^^^^^
2026-09-18T05:48:53.4894797+00:00 ContainerStream:   File "/tmp/8df1547d6ffcd87/antenv/lib/python3.12/site-packages/click/core.py", line 1415, in invoke
2026-09-18T05:48:53.4894812+00:00 ContainerStream:     return ctx.invoke(self.callback, **ctx.params)
2026-09-18T05:48:53.4894826+00:00 ContainerStream:            ^^^^^^^^^^^^^^^^^^^^^^^^^^^^^^^^^^^^^^^
2026-09-18T05:48:53.4894843+00:00 ContainerStream:   File "/tmp/8df1547d6ffcd87/antenv/lib/python3.12/site-packages/click/core.py", line 910, in invoke
2026-09-18T05:48:53.4894857+00:00 ContainerStream:     return callback(*args, **kwargs)
2026-09-18T05:48:53.4894874+00:00 ContainerStream:            ^^^^^^^^^^^^^^^^^^^^^^^^^
2026-09-18T05:48:53.4894892+00:00 ContainerStream:   File "/tmp/8df1547d6ffcd87/antenv/lib/python3.12/site-packages/uvicorn/main.py", line 448, in main
2026-09-18T05:48:53.4894905+00:00 ContainerStream:     run(
2026-09-18T05:48:53.4894968+00:00 ContainerStream:   File "/tmp/8df1547d6ffcd87/antenv/lib/python3.12/site-packages/uvicorn/main.py", line 620, in run
2026-09-18T05:48:53.4894983+00:00 ContainerStream:     config.load_app()
2026-09-18T05:48:53.4895000+00:00 ContainerStream:   File "/tmp/8df1547d6ffcd87/antenv/lib/python3.12/site-packages/uvicorn/config.py", line 434, in load_app
2026-09-18T05:48:53.4895015+00:00 ContainerStream:     return import_from_string(self.app)
2026-09-18T05:48:53.4895028+00:00 ContainerStream:            ^^^^^^^^^^^^^^^^^^^^^^^^^^^^
2026-09-18T05:48:53.4895046+00:00 ContainerStream:   File "/tmp/8df1547d6ffcd87/antenv/lib/python3.12/site-packages/uvicorn/importer.py", line 22, in import_from_string
2026-09-18T05:48:53.5073880+00:00 ContainerStream:     raise exc from None
2026-09-18T05:48:53.5074157+00:00 ContainerStream:   File "/tmp/8df1547d6ffcd87/antenv/lib/python3.12/site-packages/uvicorn/importer.py", line 19, in import_from_string
2026-09-18T05:48:53.5074178+00:00 ContainerStream:     module = importlib.import_module(module_str)
2026-09-18T05:48:53.5074196+00:00 ContainerStream:              ^^^^^^^^^^^^^^^^^^^^^^^^^^^^^^^^^^^
2026-09-18T05:48:53.5074214+00:00 ContainerStream:   File "/opt/python/3.12.13/lib/python3.12/importlib/__init__.py", line 90, in import_module
2026-09-18T05:48:53.5074230+00:00 ContainerStream:     return _bootstrap._gcd_import(name[level:], package, level)
2026-09-18T05:48:53.5074329+00:00 ContainerStream:            ^^^^^^^^^^^^^^^^^^^^^^^^^^^^^^^^^^^^^^^^^^^^^^^^^^^^
2026-09-18T05:48:53.5074345+00:00 ContainerStream:   File "<frozen importlib._bootstrap>", line 1387, in _gcd_import
2026-09-18T05:48:53.5074362+00:00 ContainerStream:   File "<frozen importlib._bootstrap>", line 1360, in _find_and_load
2026-09-18T05:48:53.5074378+00:00 ContainerStream:   File "<frozen importlib._bootstrap>", line 1331, in _find_and_load_unlocked
2026-09-18T05:48:53.5074393+00:00 ContainerStream:   File "<frozen importlib._bootstrap>", line 935, in _load_unlocked
2026-09-18T05:48:53.5074408+00:00 ContainerStream:   File "<frozen importlib._bootstrap_external>", line 999, in exec_module
2026-09-18T05:48:53.5074424+00:00 ContainerStream:   File "<frozen importlib._bootstrap>", line 488, in _call_with_frames_removed
2026-09-18T05:48:53.5074439+00:00 ContainerStream:   File "/tmp/8df1547d6ffcd87/main.py", line 11, in <module>
2026-09-18T05:48:53.5074453+00:00 ContainerStream:     from backend.app.main import app  # noqa: E402
2026-09-18T05:48:53.5074468+00:00 ContainerStream:     ^^^^^^^^^^^^^^^^^^^^^^^^^^^^^^^^
2026-09-18T05:48:53.5074483+00:00 ContainerStream: ModuleNotFoundError: No module named 'backend'
2026-09-18T05:48:53.7533046+00:00 ContainerStatus: Container has finished running with exit code: 1.
2026-09-18T05:48:53.7613554+00:00 ContainerStatus: Container is terminating. Grace period: 5 seconds.
2026-09-18T05:48:53.7714355+00:00 ContainerStatus: Stop and delete container. Retry count = 0
2026-09-18T05:48:53.7715872+00:00 ContainerStatus: Stopping container: dae0c64e9820_api-r2b-moksh.
2026-09-18T05:48:53.9405962+00:00 ContainerStatus: Deleting container: dae0c64e9820_api-r2b-moksh. Retry count = 0
2026-09-18T05:48:54.7099926+00:00 ContainerStatus: Container spec TerminationMessagePolicy  path 
2026-09-18T05:48:54.7102174+00:00 ContainerStatus: Container is terminated. Total time elapsed: 948 ms.
2026-09-18T05:48:54.7102958+00:00 ContainerStatus: Site container: api-r2b-moksh terminated during site startup.
2026-09-18T05:48:54.7112223+00:00 ContainerStatus: State: Stopping, Action: CancellingStartup, LastError: ContainerStartupFailure, LastErrorTimestamp: 09/18/2026 05:46:58, LastErrorDetails: Container exited with exit code 1 during startup after 36.1s. Please inspect your container logs for more details., Details: Site container: api-r2b-moksh terminated during site startup. Cancelling site startup., DetailsLevel: ERR
2026-09-18T05:48:54.8207407+00:00 ContainerStatus: Site startup probe failed after 40.8392429 seconds.
2026-09-18T05:48:55.0722163+00:00 ContainerStatus: State: Stopping, Action: CancellingStartup, LastError: ContainerStartupFailure, LastErrorTimestamp: 09/18/2026 05:48:55, LastErrorDetails: Container exited with exit code 1 during startup after 41.1s. Please inspect your container logs for more details., Details: Site container: api-r2b-moksh terminated during site startup. Cancelling site startup., DetailsLevel: ERR
2026-09-18T05:48:55.0835697+00:00 ContainerStatus: Failed to start site. Revert by stopping site.
2026-09-18T05:48:55.0837857+00:00 ContainerStatus: State: Stopping, Action: StoppingSite, LastError: ContainerStartupFailure, LastErrorTimestamp: 09/18/2026 05:48:55, LastErrorDetails: Container exited with exit code 1 during startup after 41.1s. Please inspect your container logs for more details., Details: Site container: api-r2b-moksh terminated during site startup. Cancelling site startup., DetailsLevel: ERR
2026-09-18T05:48:55.0840996+00:00 ContainerStatus: State: Stopping, Action: StoppingSiteContainers, LastError: ContainerStartupFailure, LastErrorTimestamp: 09/18/2026 05:48:55, LastErrorDetails: Container exited with exit code 1 during startup after 41.1s. Please inspect your container logs for more details., Details: Site container: api-r2b-moksh terminated during site startup. Cancelling site startup., DetailsLevel: ERR
2026-09-18T05:48:55.0841189+00:00 ContainerStatus: Site: api-r2b-moksh stopped.
